Name,Pos,Date,Team,Opp,Result,Att,Cmp,Pct,Yds,YPA,TD,Int,Lg,Sack,Rate,,,,,,,,,,
AJ Feeley,QB,1/6/02,Phi,@ TB,"W, 17-13",14,10,71.4,143,10.2,2,1,27,0/0,114,,,,,,,,,,
,,Date,Team,Opp,Result,Att,Cmp,Pct,Yds,YPA,TD,Int,Lg,Sack,Rate,Date,Team,Opp,Result,Att,Yds,Avg,Lg,TD,FD
,,11/25/02,Phi,@ SF,"W, 38-17",3,3,100,17,5.7,1,0,8,0/0,129.9,11/25/02,Phi,@ SF,"W, 38-17",2,-3,-1.5,-1,0,0
,,12/1/02,Phi,Stl,"W, 10-3",30,14,46.7,181,6,0,0,41,24-Mar,66.1,12/1/02,Phi,Stl,"W, 10-3",2,3,1.5,4,0,0
,,12/8/02,Phi,@ Sea,"W, 27-20",35,21,60,190,5.4,2,1,22,0/0,81.8,12/8/02,Phi,@ Sea,"W, 27-20",3,0,0,1,0,0
,,12/15/02,Phi,Was,"W, 34-21",28,16,57.1,220,7.9,2,1,53,10-Feb,91.4,12/15/02,Phi,Was,"W, 34-21",2,5,2.5,6,0,0
,,12/21/02,Phi,@ Dal,"W, 27-3",33,19,57.6,253,7.7,1,2,41,8-Jan,66.9,12/21/02,Phi,@ Dal,"W, 27-3",2,2,1,4,0,0
,,12/28/02,Phi,@ NYG,"L, 10-7",25,13,52,150,6,0,1,35,6-Jan,53.8,12/28/02,Phi,@ NYG,"L, 10-7",1,-1,-1,-1,0,0
,,9/11/04,Mia,Ten,"L, 17-7",31,21,67.7,168,5.4,1,1,19,42411,78.4,9/11/04,Mia,Ten,"L, 17-7",0,0,0,0,0,0
,,9/19/04,Mia,@ Cin,"L, 16-13",39,21,53.8,218,5.6,1,2,37,42417,57.4,9/19/04,Mia,@ Cin,"L, 16-13",1,3,3,3,0,0
,,9/26/04,Mia,Pit,"L, 13-3",27,13,48.1,137,5.1,0,2,36,42449,32.5,9/26/04,Mia,Pit,"L, 13-3",4,1,0.25,2,0,1
,,10/10/04,Mia,@ NE,"L, 24-10",2,1,50,6,3,0,0,6,0/0,56.3,10/10/04,Mia,@ NE,"L, 24-10",0,0,0,0,0,0
,,11/7/04,Mia,Ari,"L, 24-23",15,6,40,129,8.6,0,1,38,42375,43.5,11/7/04,Mia,Ari,"L, 24-23",0,0,0,0,0,0
,,11/21/04,Mia,@ Sea,"L, 24-17",45,23,51.1,229,5.1,1,2,28,42440,54.8,11/21/04,Mia,@ Sea,"L, 24-17",1,7,7,7t,1,1
,,11/28/04,Mia,@ SF,"W, 24-17",33,17,51.5,159,4.8,2,1,25t,42377,72.7,11/28/04,Mia,@ SF,"W, 24-17",4,2,0.5,2,0,0
,,12/5/04,Mia,Buf,"L, 42-32",51,25,49,303,5.9,3,5,36,42375,47.7,12/5/04,Mia,Buf,"L, 42-32",0,0,0,0,0,0
,,12/12/04,Mia,@ Den,"L, 20-17",35,17,48.6,170,4.9,1,1,21,42486,60.4,12/12/04,Mia,@ Den,"L, 20-17",2,2,1,2,0,0
,,12/20/04,Mia,NE,"W, 29-28",35,22,62.9,198,5.7,1,0,21t,42479,87.6,12/20/04,Mia,NE,"W, 29-28",2,-2,-1,-1,0,0
,,12/26/04,Mia,Cle,"W, 10-7",43,25,58.1,176,4.1,1,0,18t,42412,75.3,12/26/04,Mia,Cle,"W, 10-7",0,0,0,0,0,0
,,11/26/06,Phi,@ Ind,"L, 45-21",5,4,80,21,4.2,0,0,8,42379,84.2,11/26/06,Phi,@ Ind,"L, 45-21",0,0,0,0,0,0
,,12/31/06,Phi,Atl,"W, 24-17",33,22,66.7,321,9.7,3,0,89t,0/0,128.5,12/31/06,Phi,Atl,"W, 24-17",1,3,3,3,0,0
,,11/18/07,Phi,Mia,"W, 17-7",19,13,68.4,116,6.1,1,1,24,0/0,80.2,11/18/07,Phi,Mia,"W, 17-7",2,7,3.5,4,0,0
,,11/25/07,Phi,@ NE,"L, 31-28",42,27,64.3,345,8.2,3,3,28t,42409,83.9,11/25/07,Phi,@ NE,"L, 31-28",1,2,2,2,0,1
,,12/2/07,Phi,Sea,"L, 28-24",42,19,45.2,220,5.2,1,4,47,42370,30,12/2/07,Phi,Sea,"L, 28-24",4,14,3.5,7,0,
,,9/11/11,Stl,Phi,"L, 31-13",5,1,20,21,4.2,0,0,21,42375,44.6,9/11/11,Stl,Phi,"L, 31-13",0,0,0,0,0,0
,,10/23/11,Stl,@ Dal,"L, 34-7",33,20,60.6,196,5.9,0,1,34,42370,64.7,10/23/11,Stl,@ Dal,"L, 34-7",1,-1,-1,-1,0,0
,,10/30/11,Stl,NO,"W, 31-21",37,20,54.1,175,4.7,1,0,17,12875,75.8,10/30/11,Stl,NO,"W, 31-21",2,5,2.5,6,0,1
,,12/4/11,Stl,@ SF,"L, 26-0",22,12,54.5,156,7.1,0,1,34,42490,58.1,12/4/11,Stl,@ SF,"L, 26-0",0,0,0,0,0,0
Aaron Rogers,QB,10/9/05,GB,NO,"W, 52-3",1,1,100,0,0,0,0,0,0/0,79.2,0/09/05,GB,NO,"W, 52-3",0,0,0,0,0,0
,,12/19/05,GB,@ Bal,"L, 48-3",15,8,53.3,65,4.3,0,1,16,28-Mar,36.8,12/19/05,GB,@ Bal,"L, 48-3",1,8,8,8,0,1
,,1/1/06,GB,Sea,"W, 23-17",0,0,0,0,0,0,0,0,0/0,0,1/1/06,GB,Sea,"W, 23-17",1,-1,-1,-1,0,0
,,10/2/06,GB,@ Phi,"L, 31-9",3,2,66.7,14,4.7,0,0,11,0/0,77.1,10/2/06,GB,@ Phi,"L, 31-9",0,0,0,0,0,0
,,11/19/06,GB,NE,"L, 35-0",12,4,33.3,32,2.7,0,0,16,18-Mar,42.4,11/19/06,GB,NE,"L, 35-0",2,11,5.5,6,0,1
,,11/11/07,GB,Min,"W, 34-0",2,2,100,17,8.5,0,0,15,0/0,102.1,11/11/07,GB,Min,"W, 34-0",2,-1,-0.5,0,0,0
,,11/29/07,GB,@ Dal,"L, 37-27",26,18,69.2,201,7.7,1,0,43,24-Mar,104.8,11/29/07,GB,@ Dal,"L, 37-27",5,30,6,13,0,3
,,9/8/08,GB,Min,"W, 24-19",22,18,81.8,178,8.1,1,0,56,0/0,115.5,9/8/08,GB,Min,"W, 24-19",8,35,4.38,21,1,4
,,9/14/08,GB,@ Det,"W, 48-25",38,24,63.2,328,8.6,3,0,62,4-Jan,117,9/14/08,GB,@ Det,"W, 48-25",4,25,6.25,13,0,1
,,9/21/08,GB,Dal,"L, 27-16",39,22,56.4,290,7.4,0,0,50,May-40,80.1,9/21/08,GB,Dal,"L, 27-16",5,10,2,5,1,1
,,9/28/08,GB,@ TB,"L, 30-21",27,14,51.9,165,6.1,2,3,48t,18-Mar,55.9,9/28/08,GB,@ TB,"L, 30-21",2,8,4,7,0,1
,,10/5/08,GB,Atl,"L, 27-24",37,25,67.6,313,8.5,3,1,44t,9-Feb,109.4,10/5/08,GB,Atl,"L, 27-24",2,4,2,3,0,0
,,10/12/08,GB,@ Sea,"W, 27-17",30,21,70,208,6.9,2,0,45t,8-Feb,111.5,10/12/08,GB,@ Sea,"W, 27-17",6,23,3.83,16,1,3
,,10/19/08,GB,Ind,"W, 34-14",28,21,75,186,6.6,1,0,24,0/0,104.2,10/19/08,GB,Ind,"W, 34-14",3,8,2.67,9,0,1
,,11/2/08,GB,@ Ten,"L, 19-16",41,22,53.7,314,7.7,1,1,52,26-Apr,76.7,11/2/08,GB,@ Ten,"L, 19-16",2,11,5.5,6,0,1
,,11/9/08,GB,@ Min,"L, 28-27",26,15,57.7,142,5.5,0,0,19,Apr-32,72.9,11/9/08,GB,@ Min,"L, 28-27",1,1,1,1,0,0
,,11/16/08,GB,Chi,"W, 37-3",30,23,76.7,227,7.6,2,1,29,0/0,105.8,11/16/08,GB,Chi,"W, 37-3",1,1,1,1,0,1
,,11/24/08,GB,@ NO,"L, 51-29",41,23,56.1,248,6,2,3,29,14-Feb,59.8,11/24/08,GB,@ NO,"L, 51-29",8,36,4.5,10t,1,3
,,11/30/08,GB,Car,"L, 35-31",45,29,64.4,298,6.6,3,1,46,5-Feb,96.3,11/30/08,GB,Car,"L, 35-31",5,26,5.2,16,0,3
,,12/7/08,GB,Hou,"L, 24-21",30,19,63.3,295,9.8,2,1,63,16-Feb,104.2,12/7/08,GB,Hou,"L, 24-21",1,4,4,4,0,0
,,12/14/08,GB,@ Jax,"L, 20-16",32,20,62.5,278,8.7,1,1,46,24-Mar,87.8,12/14/08,GB,@ Jax,"L, 20-16",5,22,4.4,7,0,2
,,12/22/08,GB,@ Chi,"L, 20-17",39,24,61.5,260,6.7,2,1,35,0/0,87.6,12/22/08,GB,@ Chi,"L, 20-17",2,-6,-3,-1,0,0
,,12/28/08,GB,Det,"W, 31-21",31,21,67.7,308,9.9,3,0,71t,Apr-35,132.2,12/28/08,GB,Det,"W, 31-21",1,-1,-1,-1,0,
,,9/13/09,GB,Chi,"W, 21-15",28,17,60.7,184,6.6,1,0,50t,Apr-34,92,9/13/09,GB,Chi,"W, 21-15",0,0,0,0,0,0
,,9/20/09,GB,Cin,"L, 31-24",39,21,53.8,261,6.7,1,0,26,Jun-39,83.4,9/20/09,GB,Cin,"L, 31-24",0,0,0,0,0,0
,,9/27/09,GB,@ Stl,"W, 36-17",23,13,56.5,269,11.7,2,0,53,19-Feb,126.9,9/27/09,GB,@ Stl,"W, 36-17",0,0,0,0,0,0
,,10/5/09,GB,@ Min,"L, 30-23",37,26,70.3,384,10.4,2,1,62t,Aug-42,110.6,10/5/09,GB,@ Min,"L, 30-23",0,0,0,0,0,0
,,10/18/09,GB,Det,"W, 26-0",37,29,78.4,358,9.7,2,1,47t,30-May,113.7,10/18/09,GB,Det,"W, 26-0",0,0,0,0,0,0
,,10/25/09,GB,@ Cle,"W, 31-3",20,15,75,246,12.3,3,0,71t,0/0,155.4,10/25/09,GB,@ Cle,"W, 31-3",0,0,0,0,0,0
,,11/1/09,GB,Min,"L, 38-26",41,26,63.4,287,7,3,0,42,29-Jun,108.5,11/1/09,GB,Min,"L, 38-26",0,0,0,0,0,0
,,11/8/09,GB,@ TB,"L, 38-28",35,17,48.6,266,7.6,2,3,74t,Jun-32,57.6,11/8/09,GB,@ TB,"L, 38-28",0,0,0,0,0,1
,,11/15/09,GB,Dal,"W, 17-7",36,25,69.4,189,5.2,1,0,24,11-Apr,91.1,11/15/09,GB,Dal,"W, 17-7",0,0,0,0,0,0
,,11/22/09,GB,SF,"W, 30-24",45,32,71.1,344,7.6,2,0,64t,18-Feb,108,11/22/09,GB,SF,"W, 30-24",0,0,0,0,0,0
,,11/26/09,GB,@ Det,"W, 34-12",39,28,71.8,348,8.9,3,0,68,6-Jan,124.7,11/26/09,GB,@ Det,"W, 34-12",0,0,0,0,0,0
,,12/7/09,GB,Bal,"W, 27-14",40,26,65,263,6.6,3,2,29,7-Jan,87.8,12/7/09,GB,Bal,"W, 27-14",0,0,0,0,0,0
,,12/13/09,GB,@ Chi,"W, 21-14",24,16,66.7,180,7.5,0,0,25,23-Mar,88.9,12/13/09,GB,@ Chi,"W, 21-14",0,0,0,0,0,0
,,12/20/09,GB,@ Pit,"L, 37-36",48,26,54.2,383,8,3,0,83t,7-Jan,101.3,12/20/09,GB,@ Pit,"L, 37-36",0,0,0,0,0,0
,,12/27/09,GB,Sea,"W, 48-10",23,12,52.2,237,10.3,1,0,40,9-Jan,103,12/27/09,GB,Sea,"W, 48-10",0,0,0,0,0,0
,,1/3/10,GB,@ Ari,"W, 33-7",26,21,80.8,235,9,1,0,51,0/0,117.1,1/3/10,GB,@ Ari,"W, 33-7",0,0,0,0,0,0
,,1/10/10,GB,@ Ari,"L, 51-45",42,28,66.7,422,10,4,1,44,19-May,121.3,1/10/10,GB,@ Ari,"L, 51-45",0,0,0,0,0,0
,,9/12/10,GB,@ Phi,"W, 27-20",31,19,61.3,188,6.1,2,2,32t,21-Mar,73.1,9/12/10,GB,@ Phi,"W, 27-20",5,9,1.8,7,0,1
,,9/19/10,GB,Buf,"W, 34-7",29,19,65.5,255,8.8,2,0,34,0/0,116.3,9/19/10,GB,Buf,"W, 34-7",5,20,4,12,1,2
,,9/27/10,GB,@ Chi,"L, 20-17",45,34,75.6,316,7,1,1,28,0/0,92.5,9/27/10,GB,@ Chi,"L, 20-17",2,20,10,17,1,2
,,10/3/10,GB,Det,"W, 28-26",17,12,70.6,181,10.6,3,2,48,12-Feb,105.3,10/3/10,GB,Det,"W, 28-26",3,20,6.67,16,0,1
,,10/10/10,GB,@ Was,"L, 16-13",46,27,58.7,293,6.4,1,1,35,23-Apr,75.7,10/10/10,GB,@ Was,"L, 16-13",4,30,7.5,15,0,1
,,10/17/10,GB,Mia,"L, 23-20",33,18,54.5,313,9.5,1,1,86t,30-May,84.5,10/17/10,GB,Mia,"L, 23-20",4,14,3.5,8,1,1
,,10/24/10,GB,Min,"W, 28-24",34,21,61.8,295,8.7,2,2,45,0/0,84.8,10/24/10,GB,Min,"W, 28-24",3,14,4.67,11,0,1
,,10/31/10,GB,@ NYJ,"W, 9-0",34,15,44.1,170,5,0,0,30,14-Feb,59.7,10/31/10,GB,@ NYJ,"W, 9-0",3,5,1.67,5,0,0
,,11/7/10,GB,Dal,"W, 45-7",34,27,79.4,289,8.5,3,0,33,12-Jan,131.5,11/7/10,GB,Dal,"W, 45-7",5,41,8.2,27,0,2
,,11/21/10,GB,@ Min,"W, 31-3",31,22,71,301,9.7,4,0,47,23-Mar,141.3,11/21/10,GB,@ Min,"W, 31-3",3,21,7,15,0,1
,,11/28/10,GB,@ Atl,"L, 20-17",35,26,74.3,344,9.8,1,0,35,3-Jan,114.5,11/28/10,GB,@ Atl,"L, 20-17",12,51,4.25,11,1,4
,,12/5/10,GB,SF,"W, 34-16",30,21,70,298,9.9,3,0,61t,24-Apr,135.1,12/5/10,GB,SF,"W, 34-16",4,39,9.75,12,0,2
,,12/12/10,GB,@ Det,"L, 7-3",11,7,63.6,46,4.2,0,1,12,18-Feb,34.7,12/12/10,GB,@ Det,"L, 7-3",2,25,12.5,18,0,1
,,12/26/10,GB,NYG,"W, 45-17",37,25,67.6,404,10.9,4,0,80t,8-Feb,139.9,12/26/10,GB,NYG,"W, 45-17",2,26,13,15,0,2
,,1/2/11,GB,Chi,"W, 10-3",28,19,67.9,229,8.2,1,1,46,5-Feb,89.7,1/2/11,GB,Chi,"W, 10-3",7,21,3,7,0,1
,,1/9/11,GB,@ Phi,"W, 21-16",27,18,66.7,180,6.7,3,0,20,9-Feb,122.5,1/9/11,GB,@ Phi,"W, 21-16",3,4,1.33,8,0,1
,,1/15/11,GB,@ Atl,"W, 48-21",36,31,86.1,366,10.2,3,0,34,20-Feb,136.8,1/15/11,GB,@ Atl,"W, 48-21",2,13,6.5,7t,1,1
,,1/23/11,GB,@ Chi,"W, 21-14",30,17,56.7,244,8.1,0,2,26,8-Jan,55.4,1/23/11,GB,@ Chi,"W, 21-14",7,39,5.57,25,1,4
,,2/6/11,GB,Pit,"W, 31-25",39,24,61.5,304,7.8,3,0,38,16-Mar,111.5,2/6/11,GB,Pit,"W, 31-25",2,-2,-1,-1,0,0
,,9/8/11,GB,NO,"W, 42-34",35,27,77.1,312,8.9,3,0,36,16-Feb,132.1,9/8/11,GB,NO,"W, 42-34",4,1,0.25,2,0,0
,,9/18/11,GB,@ Car,"W, 30-23",30,19,63.3,308,10.3,2,0,84t,13-Jan,119.9,9/18/11,GB,@ Car,"W, 30-23",5,13,2.6,8,0,0
,,9/25/11,GB,@ Chi,"W, 27-17",38,28,73.7,297,7.8,3,1,25,5-Feb,111.4,9/25/11,GB,@ Chi,"W, 27-17",1,3,3,3,0,0
,,10/2/11,GB,Den,"W, 49-23",38,29,76.3,408,10.7,4,1,61,12-Feb,134.5,10/2/11,GB,Den,"W, 49-23",9,36,4,11t,2,3
,,10/9/11,GB,@ Atl,"W, 25-14",39,26,66.7,396,10.2,2,0,70t,27-Apr,117,10/9/11,GB,@ Atl,"W, 25-14",1,-1,-1,-1,0,0
,,10/16/11,GB,Stl,"W, 24-3",29,18,62.1,316,10.9,3,1,93t,7-Jan,119.3,10/16/11,GB,Stl,"W, 24-3",7,15,2.14,9,0,3
,,10/23/11,GB,@ Min,"W, 33-27",30,24,80,335,11.2,3,0,79t,28-Apr,146.5,10/23/11,GB,@ Min,"W, 33-27",2,8,4,9,0,0
,,11/6/11,GB,@ SD,"W, 45-38",26,21,80.8,247,9.5,4,0,64,15-Apr,145.8,11/6/11,GB,@ SD,"W, 45-38",8,52,6.5,25,0,3
,,11/14/11,GB,Min,"W, 45-7",30,23,76.7,250,8.3,4,0,25,22-Mar,140.3,11/14/11,GB,Min,"W, 45-7",6,21,3.5,9,0,1
,,11/20/11,GB,TB,"W, 35-26",34,23,67.6,299,8.8,3,1,40t,12-Feb,112.3,11/20/11,GB,TB,"W, 35-26",5,28,5.6,11,0,2
,,11/24/11,GB,@ Det,"W, 27-15",33,22,66.7,307,9.3,2,0,65t,11-Feb,116.6,11/24/11,GB,@ Det,"W, 27-15",1,-1,-1,-1,0,0
,,12/4/11,GB,@ NYG,"W, 38-35",46,28,60.9,369,8,4,1,33,9-Feb,106.2,12/4/11,GB,@ NYG,"W, 38-35",4,32,8,13,0,3
,,12/11/11,GB,Oak,"W, 46-16",30,17,56.7,281,9.4,2,1,37t,20-Mar,96.7,12/11/11,GB,Oak,"W, 46-16",0,0,0,0,0,0
,,12/18/11,GB,@ KC,"L, 19-14",35,17,48.6,235,6.7,1,0,41,22-Apr,80.1,12/18/11,GB,@ KC,"L, 19-14",3,32,10.67,19,1,2
,,12/25/11,GB,Chi,"W, 35-21",29,21,72.4,283,9.8,5,0,55t,0/0,142.7,12/25/11,GB,Chi,"W, 35-21",4,18,4.5,12,0,1
,,1/15/12,GB,NYG,"L, 37-20",46,26,56.5,264,5.7,2,1,21,23-Apr,78.5,1/15/12,GB,NYG,"L, 37-20",7,66,9.43,16,0,6
,,9/9/12,GB,SF,"L, 30-22",44,30,68.2,303,6.9,2,1,49,24-Mar,93.3,9/9/12,GB,SF,"L, 30-22",5,27,5.4,9,0,2
,,9/13/12,GB,Chi,"W, 23-10",32,22,68.8,219,6.8,1,1,26t,31-May,85.3,9/13/12,GB,Chi,"W, 23-10",3,-6,-2,-2,0,0
,,9/24/12,GB,@ Sea,"L, 14-12",39,26,66.7,223,5.7,0,0,31,Aug-39,81.5,9/24/12,GB,@ Sea,"L, 14-12",2,17,8.5,16,0,2
,,9/30/12,GB,NO,"W, 28-27",41,31,75.6,319,7.8,4,1,20,0/0,119.9,9/30/12,GB,NO,"W, 28-27",5,13,2.6,10,0,2
,,10/7/12,GB,@ Ind,"L, 30-27",32,20,62.5,235,7.3,3,1,31t,28-May,103,10/7/12,GB,@ Ind,"L, 30-27",5,57,11.4,19,0,2
,,10/14/12,GB,@ Hou,"W, 42-24",37,24,64.9,338,9.1,6,0,48t,10-Feb,133.8,10/14/12,GB,@ Hou,"W, 42-24",2,17,8.5,15,0,2
,,10/21/12,GB,@ Stl,"W, 30-20",37,30,81.1,342,9.2,3,0,52,10-Mar,132.2,10/21/12,GB,@ Stl,"W, 30-20",2,0,0,1,0,0
,,10/28/12,GB,Jax,"W, 24-15",35,22,62.9,186,5.3,2,0,31,14-Feb,95.7,10/28/12,GB,Jax,"W, 24-15",3,4,1.33,4,0,2
,,11/4/12,GB,Ari,"W, 31-17",30,14,46.7,218,7.3,4,1,72t,10-Jan,96.9,11/4/12,GB,Ari,"W, 31-17",8,33,4.12,25,0,2
,,11/18/12,GB,@ Det,"W, 24-20",27,19,70.4,236,8.7,2,1,40,17-Mar,106.4,11/18/12,GB,@ Det,"W, 24-20",1,3,3,3,0,0
,,11/25/12,GB,@ NYG,"L, 38-10",25,14,56,219,8.8,1,1,61t,29-May,81.9,11/25/12,GB,@ NYG,"L, 38-10",3,22,7.33,11,0,1
,,12/2/12,GB,Min,"W, 23-14",35,27,77.1,286,8.2,1,1,33,3-Feb,98,12/2/12,GB,Min,"W, 23-14",4,15,3.75,8,0,1
,,12/9/12,GB,Det,"W, 27-20",24,14,58.3,173,7.2,0,0,38,25-Mar,80.7,12/9/12,GB,Det,"W, 27-20",3,32,10.67,27t,1,2
,,12/16/12,GB,@ Chi,"W, 21-13",36,23,63.9,291,8.1,3,0,31,13-Mar,116.8,12/16/12,GB,@ Chi,"W, 21-13",4,14,3.5,6,0,1
,,12/23/12,GB,Ten,"W, 55-7",38,27,71.1,342,9,3,0,34,8-Jan,125.1,12/23/12,GB,Ten,"W, 55-7",4,11,2.75,6t,1,1
,,12/30/12,GB,@ Min,"L, 37-34",40,28,70,365,9.1,4,0,73,May-32,131.8,12/30/12,GB,@ Min,"L, 37-34",0,0,0,0,0,0
,,1/5/13,GB,Min,"W, 24-10",33,23,69.7,274,8.3,1,0,32,24-Mar,104.9,1/5/13,GB,Min,"W, 24-10",2,12,6,10,0,0
,,1/12/13,GB,@ SF,"L, 45-31",39,26,66.7,257,6.6,2,1,44,9-Jan,91.5,1/12/13,GB,@ SF,"L, 45-31",3,28,9.33,17,0,1
,,9/8/13,GB,@ SF,"L, 34-28",37,21,56.8,333,9,3,1,38,11-Feb,102.6,9/8/13,GB,@ SF,"L, 34-28",2,13,6.5,7,0,1
,,9/15/13,GB,Was,"W, 38-20",42,34,81,480,11.4,4,0,57,Apr-39,146,9/15/13,GB,Was,"W, 38-20",3,-3,-1,-1,0,0
,,9/22/13,GB,@ Cin,"L, 34-30",43,26,60.5,244,5.7,1,2,30,27-Apr,64.5,9/22/13,GB,@ Cin,"L, 34-30",3,24,8,18,0,1
,,10/6/13,GB,Det,"W, 22-9",30,20,66.7,274,9.1,1,0,83t,5-Jan,106.8,10/6/13,GB,Det,"W, 22-9",5,8,1.6,6,0,1
,,10/13/13,GB,@ Bal,"W, 19-17",32,17,53.1,315,9.8,1,1,64t,17-Mar,84.8,10/13/13,GB,@ Bal,"W, 19-17",5,21,4.2,12,0,1
,,10/20/13,GB,Cle,"W, 31-13",36,25,69.4,260,7.2,3,0,39,7-Jan,117.8,10/20/13,GB,Cle,"W, 31-13",4,12,3,5,0,1
,,10/27/13,GB,@ Min,"W, 44-31",29,24,82.8,285,9.8,2,0,76t,3-Feb,130.6,10/27/13,GB,@ Min,"W, 44-31",6,31,5.17,14,0,3
,,11/4/13,GB,Chi,"L, 27-20",2,1,50,27,13.5,0,0,27,3-Jan,95.8,11/4/13,GB,Chi,"L, 27-20",1,9,9,9,0,0
,,12/29/13,GB,@ Chi,"W, 33-28",39,25,64.1,318,8.2,2,2,48t,5-Mar,85.2,12/29/13,GB,@ Chi,"W, 33-28",1,5,5,5,0,1
,,1/5/14,GB,SF,"L, 23-20",26,17,65.4,177,6.8,1,0,26,20-Apr,97.8,1/5/14,GB,SF,"L, 23-20",2,11,5.5,9,0,1
,,9/4/14,GB,@ Sea,"L, 36-16",33,23,69.7,189,5.7,1,1,23,14-Mar,81.5,9/4/14,GB,@ Sea,"L, 36-16",0,0,0,0,0,0
,,9/14/14,GB,NYJ,"W, 31-24",42,25,59.5,346,8.2,3,0,80t,Apr-36,109.8,9/14/14,GB,NYJ,"W, 31-24",6,28,4.67,11,0,3
,,9/21/14,GB,@ Det,"L, 19-7",27,16,59.3,162,6,1,0,18,15-Feb,88.8,9/21/14,GB,@ Det,"L, 19-7",0,0,0,0,0,0
,,9/28/14,GB,@ Chi,"W, 38-17",28,22,78.6,302,10.8,4,0,46,Jan-00,151.2,9/28/14,GB,@ Chi,"W, 38-17",1,8,8,8,0,1
,,10/2/14,GB,Min,"W, 42-10",17,12,70.6,156,9.2,3,0,66t,14-Feb,138.7,10/2/14,GB,Min,"W, 42-10",0,0,0,0,0,0
,,10/12/14,GB,@ Mia,"W, 27-24",42,24,57.1,264,6.3,3,0,28,16-Mar,99.7,10/12/14,GB,@ Mia,"W, 27-24",7,34,4.86,9,0,2
,,10/19/14,GB,Car,"W, 38-17",22,19,86.4,255,11.6,3,0,59t,14-Feb,154.5,10/19/14,GB,Car,"W, 38-17",3,21,7,16,0,2
,,10/26/14,GB,@ NO,"L, 44-23",39,28,71.8,418,10.7,1,2,70t,19-Mar,93.8,10/26/14,GB,@ NO,"L, 44-23",2,21,10.5,14t,1,2
,,11/9/14,GB,Chi,"W, 55-14",27,18,66.7,315,11.7,6,0,73t,0/0,145.8,11/9/14,GB,Chi,"W, 55-14",0,0,0,0,0,0
,,11/16/14,GB,Phi,"W, 53-20",36,22,61.1,341,9.5,3,0,64,2-Jan,120.3,11/16/14,GB,Phi,"W, 53-20",3,32,10.67,16,0,2
,,11/23/14,GB,@ Min,"W, 24-21",29,19,65.5,209,7.2,2,0,34,2-Jan,109.7,11/23/14,GB,@ Min,"W, 24-21",6,34,5.67,18,0,2
,,11/30/14,GB,NE,"W, 26-21",38,24,63.2,368,9.7,2,0,45t,20-Mar,112.6,11/30/14,GB,NE,"W, 26-21",5,22,4.4,17,0,1
,,12/8/14,GB,Atl,"W, 43-37",36,24,66.7,327,9.1,3,0,60t,4-Jan,123.3,12/8/14,GB,Atl,"W, 43-37",5,28,5.6,12,0,2
,,12/14/14,GB,@ Buf,"L, 21-13",42,17,40.5,185,4.4,0,2,20,10-Jan,34.3,12/14/14,GB,@ Buf,"L, 21-13",3,27,9,19,0,1
,,12/21/14,GB,@ TB,"W, 20-3",40,31,77.5,318,8,1,0,30,8-Jan,108.1,12/21/14,GB,@ TB,"W, 20-3",0,0,0,0,0,0
,,12/28/14,GB,Det,"W, 30-20",22,17,77.3,226,10.3,2,0,34,0/0,139.6,12/28/14,GB,Det,"W, 30-20",2,14,7,13,1,2
,,1/11/15,GB,Dal,"W, 26-21",35,24,68.6,316,9,3,0,46t,19-Feb,125.4,1/11/15,GB,Dal,"W, 26-21",3,-4,-1.33,-1,0,0
,,1/18/15,GB,@ Sea,"L, 28-22",34,19,55.9,178,5.2,1,2,23,7-Jan,55.8,1/18/15,GB,@ Sea,"L, 28-22",1,12,12,12,0,1
,,9/13/15,GB,@ Chi,"W, 31-23",23,18,78.3,189,8.2,3,0,34,0/0,140.5,9/13/15,GB,@ Chi,"W, 31-23",8,35,4.38,15,0,3
,,9/20/15,GB,Sea,"W, 27-17",33,25,75.8,249,7.5,2,0,29t,15-Feb,116.9,9/20/15,GB,Sea,"W, 27-17",6,23,3.83,9,0,1
,,9/28/15,GB,KC,"W, 38-28",35,24,68.6,333,9.5,5,0,52,8-Jan,138.5,9/28/15,GB,KC,"W, 38-28",2,16,8,11,0,1
,,10/4/15,GB,@ SF,"W, 17-3",32,22,68.8,224,7,1,0,38,24-Mar,99,10/4/15,GB,@ SF,"W, 17-3",3,33,11,17,0,1
,,10/11/15,GB,Stl,"W, 24-10",30,19,63.3,241,8,2,2,65t,5-Feb,82.8,10/11/15,GB,Stl,"W, 24-10",8,39,4.88,18,0,3
,,10/18/15,GB,SD,"W, 27-20",29,16,55.2,255,8.8,2,0,46,18-Mar,107.7,10/18/15,GB,SD,"W, 27-20",2,14,7,15,0,1
,,11/1/15,GB,@ Den,"L, 29-10",22,14,63.6,77,3.5,0,0,17,27-Mar,69.7,11/1/15,GB,@ Den,"L, 29-10",2,31,15.5,17,0,2
,,11/8/15,GB,@ Car,"L, 37-29",48,25,52.1,369,7.7,4,1,53t,May-38,96.6,11/8/15,GB,@ Car,"L, 37-29",4,22,5.5,8,0,0
,,11/15/15,GB,Det,"L, 18-16",61,35,57.4,333,5.5,2,0,32,8-Mar,83.6,11/15/15,GB,Det,"L, 18-16",2,8,4,9,0,1
,,11/22/15,GB,@ Min,"W, 30-13",34,16,47.1,212,6.2,2,0,37,16-Feb,86.9,11/22/15,GB,@ Min,"W, 30-13",3,6,2,8,0,0
,,11/26/15,GB,Chi,"L, 17-13",43,22,51.2,202,4.7,1,1,32,14-Feb,62.4,11/26/15,GB,Chi,"L, 17-13",4,33,8.25,18,0,2
,,12/3/15,GB,@ Det,"W, 27-23",36,24,66.7,273,7.6,2,1,61t,27-Mar,96.2,12/3/15,GB,@ Det,"W, 27-23",4,27,6.75,17t,1,1
,,12/13/15,GB,Dal,"W, 28-7",35,22,62.9,218,6.2,2,0,24,13-Feb,99.5,12/13/15,GB,Dal,"W, 28-7",3,27,9,16,0,2
,,12/20/15,GB,@ Oak,"W, 30-20",39,22,56.4,204,5.2,1,1,30t,14-Feb,68.8,12/20/15,GB,@ Oak,"W, 30-20",1,-1,-1,-1,0,0
,,12/27/15,GB,@ Ari,"L, 38-8",28,15,53.6,151,5.4,1,1,38,Aug-70,66.2,12/27/15,GB,@ Ari,"L, 38-8",3,19,6.33,10,0,1
,,1/3/16,GB,Min,"L, 20-13",44,28,63.6,291,6.6,1,1,37,17-May,80.8,1/3/16,GB,Min,"L, 20-13",3,12,4,11,0,1
,,1/10/16,GB,@ Was,"W, 35-18",36,21,58.3,210,5.8,2,0,34,5-Jan,93.5,1/10/16,GB,@ Was,"W, 35-18",1,-1,-1,-1,0,0
,,1/16/16,GB,@ Ari,"L, 26-20",44,24,54.5,261,5.9,2,1,60,10-Jan,77.9,1/16/16,GB,@ Ari,"L, 26-20",2,21,10.5,19,0,1
,,9/11/16,GB,@ Jax,"W, 27-23",34,20,58.8,199,5.9,2,0,32,Jan-00,95.1,9/11/16,GB,@ Jax,"W, 27-23",4,16,4,8,1,2
,,9/18/16,GB,@ Min,"L, 17-14",36,20,55.6,213,5.9,1,1,39,May-33,70.7,9/18/16,GB,@ Min,"L, 17-14",3,29,9.67,10t,1,3
,,9/25/16,GB,Det,"W, 34-27",24,15,62.5,205,8.5,4,0,49,4-Feb,129.3,9/25/16,GB,Det,"W, 34-27",5,22,4.4,14,0,1
,,10/9/16,GB,NYG,"W, 23-16",45,23,51.1,259,5.8,2,2,29t,0/0,65,10/9/16,GB,NYG,"W, 23-16",5,15,3,11,0,2
,,10/16/16,GB,Dal,"L, 30-16",42,31,73.8,294,7,1,1,25,Jan-00,90.8,10/16/16,GB,Dal,"L, 30-16",3,7,2.33,9,0,1
,,10/20/16,GB,Chi,"W, 26-10",56,39,69.6,326,5.8,3,0,25,23-Feb,102.2,10/20/16,GB,Chi,"W, 26-10",2,7,3.5,8,0,1
,,10/30/16,GB,@ Atl,"L, 33-32",38,28,73.7,246,6.5,4,0,58,23-Mar,125.5,10/30/16,GB,@ Atl,"L, 33-32",6,60,10,23,0,3
,,11/6/16,GB,Ind,"L, 31-26",43,26,60.5,297,6.9,3,1,40,8-Mar,94.8,11/6/16,GB,Ind,"L, 31-26",6,43,7.17,21,0,2
,,11/13/16,GB,@ Ten,"L, 47-25",51,31,60.8,371,7.3,2,2,46,May-46,79.8,11/13/16,GB,@ Ten,"L, 47-25",3,27,9,20t,1,1
,,11/20/16,GB,@ Was,"L, 42-24",41,26,63.4,351,8.6,3,0,47,20-Feb,115,11/20/16,GB,@ Was,"L, 42-24",3,33,11,17,0,1
,,11/28/16,GB,@ Phi,"W, 27-13",39,30,76.9,313,8,2,0,50,0/0,116.7,11/28/16,GB,@ Phi,"W, 27-13",6,26,4.33,16,0,3
,,12/4/16,GB,Hou,"W, 21-13",30,20,66.7,209,7,2,0,32t,9-Jan,108.9,12/4/16,GB,Hou,"W, 21-13",3,16,5.33,11,0,1
,,12/11/16,GB,Sea,"W, 38-10",23,18,78.3,246,10.7,3,0,66t,9-Jan,150.8,12/11/16,GB,Sea,"W, 38-10",3,-6,-2,-1,0,0
Alex Smith,QB,9/18/05,SF,@ Phi,"L, 42-3",1,0,0,0,0,0,0,0,0/0,39.6,9/18/05,SF,@ Phi,"L, 42-3",1,3,3,3,0,0
,,10/2/05,SF,@ Ari,"L, 31-14",10,6,60,34,3.4,0,0,16,15-Feb,66.3,10/2/05,SF,@ Ari,"L, 31-14",0,0,0,0,0,0
,,10/9/05,SF,Ind,"L, 28-3",23,9,39.1,74,3.2,0,4,21,30-May,8.5,10/9/05,SF,Ind,"L, 28-3",2,3,1.5,6,0,0
,,10/23/05,SF,@ Was,"L, 52-17",16,8,50,92,5.8,0,1,43,May-38,41.7,10/23/05,SF,@ Was,"L, 52-17",2,4,2,3,0,0
,,12/4/05,SF,Ari,"L, 17-10",24,16,66.7,185,7.7,0,3,31,16-Mar,50.2,12/4/05,SF,Ari,"L, 17-10",4,12,3,6,0,0
,,12/11/05,SF,@ Sea,"L, 41-3",22,9,40.9,77,3.5,0,1,24,26-Apr,31.8,12/11/05,SF,@ Sea,"L, 41-3",6,20,3.33,6,0,0
,,12/18/05,SF,@ Jax,"L, 10-9",24,8,33.3,123,5.1,0,1,47,16-Feb,33.9,12/18/05,SF,@ Jax,"L, 10-9",4,30,7.5,19,0,1
,,12/24/05,SF,@ Stl,"W, 24-20",16,12,75,131,8.2,0,0,22,27-May,98.7,12/24/05,SF,@ Stl,"W, 24-20",7,21,3,7,0,2
,,1/1/06,SF,Hou,"W, 20-17",29,16,55.2,159,5.5,1,1,39,17-Mar,68,1/1/06,SF,Hou,"W, 20-17",4,10,2.5,5,0,0
,,9/10/06,SF,@ Ari,"L, 34-27",40,23,57.5,288,7.2,1,0,46,2-Jan,88.3,9/10/06,SF,@ Ari,"L, 34-27",0,0,0,0,0,0
,,9/17/06,SF,Stl,"W, 20-13",22,11,50,233,10.6,1,0,72t,0/0,103,9/17/06,SF,Stl,"W, 20-13",3,-1,-0.33,1,0,0
,,9/24/06,SF,Phi,"L, 38-24",46,27,58.7,293,6.4,1,0,75,24-Mar,84.8,9/24/06,SF,Phi,"L, 38-24",6,39,6.5,22,0,1
,,10/1/06,SF,@ KC,"L, 41-0",25,13,52,92,3.7,0,2,22,16-Apr,27.4,10/1/06,SF,@ KC,"L, 41-0",4,11,2.75,11,0,1
,,10/8/06,SF,Oak,"W, 34-20",19,15,78.9,165,8.7,3,1,33t,0/0,120.5,10/8/06,SF,Oak,"W, 34-20",2,10,5,10,0,1
,,10/15/06,SF,SD,"L, 48-19",31,20,64.5,214,6.9,2,1,25,May-32,92.7,10/15/06,SF,SD,"L, 48-19",0,0,0,0,0,0
,,10/29/06,SF,@ Chi,"L, 41-10",25,14,56,135,5.4,1,2,25,14-Feb,51.3,10/29/06,SF,@ Chi,"L, 41-10",5,23,4.6,9,0,2
,,11/5/06,SF,Min,"W, 9-3",21,13,61.9,105,5,0,1,22,14-Mar,54.7,11/5/06,SF,Min,"W, 9-3",3,4,1.33,8,0,0
,,11/12/06,SF,@ Det,"W, 19-13",20,14,70,136,6.8,0,0,23,19-Mar,88.8,11/12/06,SF,@ Det,"W, 19-13",8,15,1.88,7,0,2
,,11/19/06,SF,Sea,"W, 20-14",25,19,76,163,6.5,1,0,23,9-Jan,105.9,11/19/06,SF,Sea,"W, 20-14",1,1,1,1t,1,1
,,11/26/06,SF,@ Stl,"L, 20-17",25,13,52,148,5.9,1,2,28,0/0,50.1,11/26/06,SF,@ Stl,"L, 20-17",0,0,0,0,0,0
,,12/3/06,SF,@ NO,"L, 34-10",28,14,50,171,6.1,1,3,48t,26-Apr,41.5,12/3/06,SF,@ NO,"L, 34-10",0,0,0,0,0,0
,,12/10/06,SF,GB,"L, 30-19",29,12,41.4,201,6.9,1,2,52t,7-Jan,48.2,12/10/06,SF,GB,"L, 30-19",3,4,1.33,5,0,1
,,12/14/06,SF,@ Sea,"W, 24-14",25,14,56,162,6.5,2,0,54,0/0,102.4,12/14/06,SF,@ Sea,"W, 24-14",6,33,5.5,18t,1,2
,,12/24/06,SF,Ari,"L, 26-20",29,18,62.1,190,6.6,0,1,44,16-Apr,66.7,12/24/06,SF,Ari,"L, 26-20",0,0,0,0,0,0
,,12/31/06,SF,@ Den,"W, 26-23",32,17,53.1,194,6.1,1,1,35,23-Apr,69,12/31/06,SF,@ Den,"W, 26-23",3,8,2.67,5,0,1
,,9/10/07,SF,Ari,"W, 20-17",31,15,48.4,126,4.1,0,0,22,24-Mar,59.3,9/10/07,SF,Ari,"W, 20-17",3,36,12,25,0,2
,,9/16/07,SF,@ Stl,"W, 17-16",17,11,64.7,126,7.4,0,0,34,29-Apr,86.9,9/16/07,SF,@ Stl,"W, 17-16",2,-1,-0.5,0,0,0
,,9/23/07,SF,@ Pit,"L, 37-16",35,17,48.6,209,6,1,1,31,11-Feb,65.1,9/23/07,SF,@ Pit,"L, 37-16",3,32,10.67,25,0,2
,,9/30/07,SF,Sea,"L, 23-3",1,0,0,0,0,0,0,0,10-Jan,39.6,9/30/07,SF,Sea,"L, 23-3",0,0,0,0,0,0
,,10/28/07,SF,NO,"L, 31-10",43,22,51.2,190,4.4,1,0,20,13-Feb,70.9,10/28/07,SF,NO,"L, 31-10",4,16,4,9,0,1
,,11/4/07,SF,@ Atl,"L, 20-16",38,17,44.7,149,3.9,0,3,21,14-Feb,22.8,11/4/07,SF,@ Atl,"L, 20-16",0,0,0,0,0,0
,,11/12/07,SF,@ Sea,"L, 24-0",28,12,42.9,114,4.1,0,0,45,20-Mar,54.8,11/12/07,SF,@ Sea,"L, 24-0",1,6,6,6,0,0
,,10/25/09,SF,@ Hou,"L, 24-21",22,15,68.2,206,9.4,3,1,29t,0/0,118.6,10/25/09,SF,@ Hou,"L, 24-21",2,16,8,11,0,1
,,11/1/09,SF,@ Ind,"L, 18-14",32,19,59.4,198,6.2,1,1,27,16-Apr,74.7,11/1/09,SF,@ Ind,"L, 18-14",1,10,10,10,0,0
,,11/8/09,SF,Ten,"L, 34-27",45,29,64.4,286,6.4,2,3,40,Apr-36,69.3,11/8/09,SF,Ten,"L, 34-27",2,11,5.5,8,0,1
,,11/12/09,SF,Chi,"W, 10-6",23,16,69.6,118,5.1,0,1,20,12-Feb,63.3,11/12/09,SF,Chi,"W, 10-6",2,2,1,2,0,0
,,11/22/09,SF,@ GB,"L, 30-24",33,16,48.5,227,6.9,3,1,38t,12-Mar,88.8,11/22/09,SF,@ GB,"L, 30-24",1,2,2,2,0,1
,,11/29/09,SF,Jax,"W, 20-3",41,27,65.9,232,5.7,2,0,30,0/0,96.8,11/29/09,SF,Jax,"W, 20-3",3,8,2.67,10,0,1
,,12/6/09,SF,@ Sea,"L, 20-17",45,27,60,310,6.9,2,0,42,7-Jan,95.6,12/6/09,SF,@ Sea,"L, 20-17",1,1,1,1,0,0
,,12/14/09,SF,Ari,"W, 24-9",35,19,54.3,144,4.1,2,2,35t,6-Jan,59.7,12/14/09,SF,Ari,"W, 24-9",4,2,0.5,5,0,0
,,12/20/09,SF,@ Phi,"L, 27-13",37,20,54.1,177,4.8,1,3,22,23-Mar,42.3,12/20/09,SF,@ Phi,"L, 27-13",1,1,1,1,0,1
,,12/27/09,SF,Det,"W, 20-6",31,20,64.5,230,7.4,1,0,50,4-Jan,97.5,12/27/09,SF,Det,"W, 20-6",3,-3,-1,-1,0,0
,,1/3/10,SF,@ Stl,"W, 28-6",28,17,60.7,222,7.9,1,0,73t,18-Mar,97.6,1/3/10,SF,@ Stl,"W, 28-6",4,1,0.25,4,0,1
,,9/12/10,SF,@ Sea,"L, 31-6",45,26,57.8,225,5,0,2,23,11-Feb,52.5,9/12/10,SF,@ Sea,"L, 31-6",0,0,0,0,0,0
,,9/20/10,SF,NO,"L, 25-22",32,23,71.9,275,8.6,1,2,41,0/0,82.2,9/20/10,SF,NO,"L, 25-22",4,28,7,12,0,2
,,9/26/10,SF,@ KC,"L, 31-10",42,23,54.8,232,5.5,1,1,41,24-May,68.8,9/26/10,SF,@ KC,"L, 31-10",0,0,0,0,0,0
,,10/3/10,SF,@ Atl,"L, 16-14",32,21,65.6,188,5.9,1,2,19,7-Jan,65.6,10/3/10,SF,@ Atl,"L, 16-14",1,1,1,1,0,1
,,10/10/10,SF,Phi,"L, 27-24",39,25,64.1,309,7.9,3,2,36,19-Feb,92.8,10/10/10,SF,Phi,"L, 27-24",3,16,5.33,11,0,0
,,10/17/10,SF,Oak,"W, 17-9",33,16,48.5,196,5.9,2,0,35,5-Feb,87.4,10/17/10,SF,Oak,"W, 17-9",4,-2,-0.5,1,0,0
,,10/24/10,SF,@ Car,"L, 23-20",19,9,47.4,129,6.8,1,0,53,8-Jan,87.4,10/24/10,SF,@ Car,"L, 23-20",0,0,0,0,0,0
,,12/12/10,SF,Sea,"W, 40-21",27,17,63,255,9.4,3,0,62t,14-Feb,130.9,12/12/10,SF,Sea,"W, 40-21",4,12,3,9,0,0
,,12/16/10,SF,@ SD,"L, 34-7",29,19,65.5,165,5.7,0,1,36,Jun-34,66,12/16/10,SF,@ SD,"L, 34-7",1,6,6,6,0,0
,,12/26/10,SF,@ Stl,"L, 25-17",15,10,66.7,120,8,0,0,33,4-Feb,91,12/26/10,SF,@ Stl,"L, 25-17",0,0,0,0,0,0
,,1/2/11,SF,Ari,"W, 38-7",29,15,51.7,276,9.5,2,0,59t,14-Feb,107.8,1/2/11,SF,Ari,"W, 38-7",1,-1,-1,-1,0,0
,,9/11/11,SF,Sea,"W, 33-17",20,15,75,124,6.2,0,0,27,0/0,90.4,9/11/11,SF,Sea,"W, 33-17",7,22,3.14,11,1,2
,,9/18/11,SF,Dal,"L, 27-24",24,16,66.7,179,7.5,2,1,29t,Jun-47,99.1,9/18/11,SF,Dal,"L, 27-24",3,21,7,12,0,0
,,9/25/11,SF,@ Cin,"W, 13-8",30,20,66.7,201,6.7,0,0,39,25-May,85.6,9/25/11,SF,@ Cin,"W, 13-8",0,0,0,0,0,0
,,10/2/11,SF,@ Phi,"W, 24-23",33,21,63.6,291,8.8,2,0,44,13-Mar,112.1,10/2/11,SF,@ Phi,"W, 24-23",1,-1,-1,-1,0,0
,,10/9/11,SF,TB,"W, 48-3",19,11,57.9,170,8.9,3,0,26t,0/0,127.2,10/9/11,SF,TB,"W, 48-3",0,0,0,0,0,0
,,10/16/11,SF,@ Det,"W, 25-19",32,17,53.1,125,3.9,1,1,27,14-Feb,60,10/16/11,SF,@ Det,"W, 25-19",2,5,2.5,3,0,0
,,10/30/11,SF,Cle,"W, 20-10",24,15,62.5,177,7.4,1,0,41,3-Jan,98.8,10/30/11,SF,Cle,"W, 20-10",4,22,5.5,9,0,2
,,11/6/11,SF,@ Was,"W, 19-11",24,17,70.8,200,8.3,1,0,30t,12-Feb,109.7,11/6/11,SF,@ Was,"W, 19-11",4,9,2.25,8,0,0
,,11/13/11,SF,NYG,"W, 27-20",30,19,63.3,242,8.1,1,1,31t,14-Feb,85.7,11/13/11,SF,NYG,"W, 27-20",6,27,4.5,14,0,1
,,11/20/11,SF,Ari,"W, 23-7",38,20,52.6,267,7,2,1,38,0/0,81.8,11/20/11,SF,Ari,"W, 23-7",7,17,2.43,11,0,2
,,11/24/11,SF,@ Bal,"L, 16-6",24,15,62.5,140,5.8,0,1,20,Sep-44,61.1,11/24/11,SF,@ Bal,"L, 16-6",2,12,6,8,0,1
,,12/4/11,SF,Stl,"W, 26-0",23,17,73.9,274,11.9,2,0,56t,29-Apr,142.3,12/4/11,SF,Stl,"W, 26-0",2,10,5,8,0,1
,,12/11/11,SF,@ Ari,"L, 21-19",37,18,48.6,175,4.7,0,0,32,May-32,62.3,12/11/11,SF,@ Ari,"L, 21-19",1,-3,-3,-3,0,0
,,12/19/11,SF,Pit,"W, 20-3",31,18,58.1,187,6,1,0,31,0/0,86.4,12/19/11,SF,Pit,"W, 20-3",3,12,4,14,0,1
,,12/24/11,SF,@ Sea,"W, 19-17",26,14,53.8,179,6.9,0,0,41,8-Feb,75.6,12/24/11,SF,@ Sea,"W, 19-17",5,22,4.4,12,0,2
,,1/1/12,SF,@ Stl,"W, 34-27",30,20,66.7,213,7.1,1,0,44,22-Mar,98.3,1/1/12,SF,@ Stl,"W, 34-27",5,4,0.8,8t,1,1
,,1/14/12,SF,NO,"W, 36-32",42,24,57.1,299,7.1,3,0,49t,Apr-35,103.2,1/14/12,SF,NO,"W, 36-32",1,28,28,28t,1,1
,,1/22/12,SF,NYG,"L, 20-17",26,12,46.2,196,7.5,2,0,73t,18-Mar,97.6,1/22/12,SF,NYG,"L, 20-17",6,42,7,17,0,1
,,9/9/12,SF,@ GB,"W, 30-22",26,20,76.9,211,8.1,2,0,29,20-Apr,125.6,9/9/12,SF,@ GB,"W, 30-22",5,13,2.6,5,0,0
,,9/16/12,SF,Det,"W, 27-19",31,20,64.5,226,7.3,2,0,23t,25-Mar,107.7,9/16/12,SF,Det,"W, 27-19",4,7,1.75,10,0,0
,,9/23/12,SF,@ Min,"L, 24-13",35,24,68.6,204,5.8,1,1,22,13-Mar,81.1,9/23/12,SF,@ Min,"L, 24-13",4,26,6.5,10,0,1
,,9/30/12,SF,@ NYJ,"W, 34-0",21,12,57.1,143,6.8,0,0,26,9-Feb,78.1,9/30/12,SF,@ NYJ,"W, 34-0",3,12,4,9,0,1
,,10/7/12,SF,Buf,"W, 45-3",24,18,75,303,12.6,3,0,53,0/0,156.2,10/7/12,SF,Buf,"W, 45-3",3,49,16.33,24,0,2
,,10/14/12,SF,NYG,"L, 26-3",30,19,63.3,200,6.7,0,3,55,Apr-31,43.1,10/14/12,SF,NYG,"L, 26-3",2,5,2.5,4,0,0
,,10/18/12,SF,Sea,"W, 13-6",23,14,60.9,140,6.1,1,1,18,2-Feb,74.5,10/18/12,SF,Sea,"W, 13-6",5,11,2.2,8,0,1
,,10/29/12,SF,@ Ari,"W, 24-3",19,18,94.7,232,12.2,3,0,47t,28-Apr,157.1,10/29/12,SF,@ Ari,"W, 24-3",1,6,6,6,0,0
,,11/11/12,SF,Stl,"T, 24-24",8,7,87.5,72,9,1,0,19,9-Feb,143.8,11/11/12,SF,Stl,"T, 24-24",2,5,2.5,4,0,1
,,12/30/12,SF,Ari,"W, 27-13",1,1,100,6,6,0,0,6,0/0,91.7,12/30/12,SF,Ari,"W, 27-13",2,-2,-1,-1,0,0
,,9/8/13,KC,@ Jax,"W, 28-2",34,21,61.8,173,5.1,2,0,26,2-Jan,94.4,9/8/13,KC,@ Jax,"W, 28-2",4,25,6.25,13,0,1
,,9/15/13,KC,Dal,"W, 17-16",36,21,58.3,223,6.2,2,0,31,24-Apr,95,9/15/13,KC,Dal,"W, 17-16",8,57,7.12,17,0,3
,,9/19/13,KC,@ Phi,"W, 26-16",35,22,62.9,273,7.8,0,0,51,25-May,87,9/19/13,KC,@ Phi,"W, 26-16",11,32,2.91,9,0,0
,,9/29/13,KC,NYG,"W, 31-7",41,24,58.5,288,7,3,2,34t,Jan-00,84.2,9/29/13,KC,NYG,"W, 31-7",7,37,5.29,11,0,2
,,10/6/13,KC,@ Ten,"W, 26-17",39,20,51.3,245,6.3,0,1,44,12-Feb,60.3,10/6/13,KC,@ Ten,"W, 26-17",3,10,3.33,6,0,1
,,10/13/13,KC,Oak,"W, 24-7",31,14,45.2,128,4.1,0,0,24,23-Mar,56.9,10/13/13,KC,Oak,"W, 24-7",4,29,7.25,13,0,3
,,10/20/13,KC,Hou,"W, 17-16",34,23,67.6,240,7.1,0,1,43,9-Feb,75.6,10/20/13,KC,Hou,"W, 17-16",6,28,4.67,23,1,2
,,10/27/13,KC,Cle,"W, 23-17",36,24,66.7,225,6.2,2,0,28t,30-Jun,102.2,10/27/13,KC,Cle,"W, 23-17",6,40,6.67,23,0,2
,,11/3/13,KC,@ Buf,"W, 23-13",29,19,65.5,124,4.3,0,0,20,9-Feb,74.5,11/3/13,KC,@ Buf,"W, 23-13",4,7,1.75,8,0,0
,,11/17/13,KC,@ Den,"L, 27-17",45,21,46.7,230,5.1,2,0,26,30-Mar,77.1,11/17/13,KC,@ Den,"L, 27-17",5,52,10.4,25,0,2
,,11/24/13,KC,SD,"L, 41-38",38,26,68.4,294,7.7,3,1,36,13-Mar,106.7,11/24/13,KC,SD,"L, 41-38",2,-3,-1.5,-1,0,0
,,12/1/13,KC,Den,"L, 35-28",42,26,61.9,293,7,2,1,28,0/0,88.7,12/1/13,KC,Den,"L, 35-28",4,46,11.5,26,0,2
,,12/8/13,KC,@ Was,"W, 45-10",20,14,70,137,6.8,2,0,22t,0/0,122.3,12/8/13,KC,@ Was,"W, 45-10",2,7,3.5,4,0,1
,,12/15/13,KC,@ Oak,"W, 56-31",20,17,85,287,14.3,5,0,71t,12-Feb,158.3,12/15/13,KC,@ Oak,"W, 56-31",4,17,4.25,11,0,1
,,12/22/13,KC,Ind,"L, 23-7",28,16,57.1,153,5.5,0,1,19,21-May,57.6,12/22/13,KC,Ind,"L, 23-7",6,47,7.83,22,0,3
,,1/4/14,KC,@ Ind,"L, 45-44",46,30,65.2,378,8.2,4,0,79t,15-Feb,119.7,1/4/14,KC,@ Ind,"L, 45-44",8,57,7.12,16,0,4
,,9/7/14,KC,Ten,"L, 26-10",35,19,54.3,202,5.8,1,3,27,24-Apr,45.2,9/7/14,KC,Ten,"L, 26-10",6,36,6,17,0,1
,,9/14/14,KC,@ Den,"L, 24-17",42,26,61.9,255,6.1,0,0,24,8-Feb,79,9/14/14,KC,@ Den,"L, 24-17",5,42,8.4,25,0,2
,,9/21/14,KC,@ Mia,"W, 34-15",25,19,76,186,7.4,3,0,26,18-May,136,9/21/14,KC,@ Mia,"W, 34-15",2,17,8.5,13,0,1
,,9/29/14,KC,NE,"W, 41-14",26,20,76.9,248,9.5,3,0,33,12-Feb,144.4,9/29/14,KC,NE,"W, 41-14",4,8,2,8,0,0
,,10/5/14,KC,@ SF,"L, 22-17",30,16,53.3,158,5.3,1,1,18,0/0,65.7,10/5/14,KC,@ SF,"L, 22-17",1,6,6,6,0,0
,,10/19/14,KC,@ SD,"W, 23-20",28,19,67.9,221,7.9,1,0,26,10-Mar,103.4,10/19/14,KC,@ SD,"W, 23-20",6,29,4.83,9,0,1
,,10/26/14,KC,Stl,"W, 34-7",29,25,86.2,223,7.7,0,0,30,8-Feb,98.7,10/26/14,KC,Stl,"W, 34-7",3,24,8,15,0,1
,,11/2/14,KC,NYJ,"W, 24-10",31,21,67.7,199,6.4,2,0,34,3-Jan,106.8,11/2/14,KC,NYJ,"W, 24-10",0,0,0,0,0,0
,,11/9/14,KC,@ Buf,"W, 17-13",29,17,58.6,177,6.1,0,0,27,26-Jun,76.4,11/9/14,KC,@ Buf,"W, 17-13",4,25,6.25,12,1,3
,,11/16/14,KC,Sea,"W, 24-20",16,11,68.8,108,6.8,0,0,23,0/0,87.5,11/16/14,KC,Sea,"W, 24-20",2,-1,-0.5,0,0,0
,,11/20/14,KC,@ Oak,"L, 24-20",36,20,55.6,234,6.5,2,0,30t,17-Feb,94,11/20/14,KC,@ Oak,"L, 24-20",2,5,2.5,3,0,0
,,11/30/14,KC,Den,"L, 29-16",23,15,65.2,153,6.7,2,1,20t,Jun-43,95,11/30/14,KC,Den,"L, 29-16",5,6,1.2,5,0,1
,,12/7/14,KC,@ Ari,"L, 17-14",39,26,66.7,293,7.5,1,1,41,29-May,86.8,12/7/14,KC,@ Ari,"L, 17-14",4,26,6.5,21,0,1
,,12/14/14,KC,Oak,"W, 31-13",30,18,60,297,9.9,2,0,70t,2-Jan,115.6,12/14/14,KC,Oak,"W, 31-13",3,17,5.67,8,0,0
,,12/21/14,KC,@ Pit,"L, 20-12",45,31,68.9,311,6.9,0,0,33,29-Jun,88.3,12/21/14,KC,@ Pit,"L, 20-12",2,14,7,11,0,1
,,9/13/15,KC,@ Hou,"W, 27-20",33,22,66.7,243,7.4,3,0,42t,10-Feb,118.6,9/13/15,KC,@ Hou,"W, 27-20",9,15,1.67,5,0,2
,,9/17/15,KC,Den,"L, 31-24",25,16,64,191,7.6,0,2,30,21-Apr,53.9,9/17/15,KC,Den,"L, 31-24",3,15,5,11,0,2
,,9/28/15,KC,@ GB,"L, 38-28",40,24,60,290,7.2,1,1,61,Jul-39,80.2,9/28/15,KC,@ GB,"L, 38-28",6,33,5.5,19,0,1
,,10/4/15,KC,@ Cin,"L, 36-21",45,31,68.9,386,8.6,0,0,44,May-38,95.2,10/4/15,KC,@ Cin,"L, 36-21",5,25,5,10,0,2
,,10/11/15,KC,Chi,"L, 18-17",30,16,53.3,181,6,1,0,26,11-Mar,82.8,10/11/15,KC,Chi,"L, 18-17",3,21,7,8,0,1
,,10/18/15,KC,@ Min,"L, 16-10",37,22,59.5,282,7.6,1,0,42t,11-Feb,92.4,10/18/15,KC,@ Min,"L, 16-10",2,10,5,7,0,0
,,10/25/15,KC,Pit,"W, 23-13",32,21,65.6,251,7.8,1,0,40,12-Feb,99.9,10/25/15,KC,Pit,"W, 23-13",3,5,1.67,7,0,0
,,11/1/15,KC,Det,"W, 45-10",26,18,69.2,145,5.6,2,0,23,15-Mar,108.7,11/1/15,KC,Det,"W, 45-10",5,78,15.6,49,1,4
,,11/15/15,KC,@ Den,"W, 29-13",31,17,54.8,204,6.6,1,0,80t,7-Feb,86,11/15/15,KC,@ Den,"W, 29-13",6,33,5.5,17,0,2
,,11/22/15,KC,@ SD,"W, 33-3",25,20,80,253,10.1,0,0,47,21-Mar,108.8,11/22/15,KC,@ SD,"W, 33-3",7,33,4.71,10,0,1
,,11/29/15,KC,Buf,"W, 30-22",30,19,63.3,255,8.5,2,0,41t,Jan-00,112.5,11/29/15,KC,Buf,"W, 30-22",6,35,5.83,11,0,2
,,12/6/15,KC,@ Oak,"W, 34-20",22,16,72.7,162,7.4,2,0,26,19-Apr,123.7,12/6/15,KC,@ Oak,"W, 34-20",5,23,4.6,19,1,2
,,12/13/15,KC,SD,"W, 10-3",23,15,65.2,191,8.3,1,1,44t,12-Feb,87.4,12/13/15,KC,SD,"W, 10-3",5,40,8,18,0,3
,,12/20/15,KC,@ Bal,"W, 34-14",25,21,84,171,6.8,1,0,29,7-Mar,108.5,12/20/15,KC,@ Bal,"W, 34-14",4,17,4.25,8,0,1
,,12/27/15,KC,Cle,"W, 17-13",22,15,68.2,125,5.7,2,1,19,3-Jan,93.9,12/27/15,KC,Cle,"W, 17-13",6,54,9,29,0,3
,,1/3/16,KC,Oak,"W, 23-17",24,14,58.3,156,6.5,2,2,25t,9-Jan,70.8,1/3/16,KC,Oak,"W, 23-17",9,61,6.78,22,0,4
,,1/9/16,KC,@ Hou,"W, 30-0",22,17,77.3,190,8.6,1,1,48,17-Mar,98.7,1/9/16,KC,@ Hou,"W, 30-0",5,27,5.4,11,0,2
,,1/16/16,KC,@ NE,"L, 27-20",50,29,58,246,4.9,1,0,26,3-Jan,77.6,1/16/16,KC,@ NE,"L, 27-20",9,44,4.89,15,0,4
,,9/11/16,KC,SD,"W, 33-27",48,34,70.8,363,7.6,2,1,45,Mar-33,97.8,9/11/16,KC,SD,"W, 33-27",4,15,3.75,7,1,1
,,9/18/16,KC,@ Hou,"L, 19-12",37,20,54.1,186,5,0,0,34,14-Apr,68.1,9/18/16,KC,@ Hou,"L, 19-12",2,2,1,2,0,0
,,9/25/16,KC,NYJ,"W, 24-3",33,25,75.8,237,7.2,1,0,42,16-Feb,105.2,9/25/16,KC,NYJ,"W, 24-3",3,-3,-1,-1,0,0
,,10/2/16,KC,@ Pit,"L, 43-14",50,30,60,287,5.7,2,1,20,17-Apr,81,10/2/16,KC,@ Pit,"L, 43-14",1,2,2,2,0,0
,,10/16/16,KC,@ Oak,"W, 26-10",22,19,86.4,224,10.2,0,0,38,1-Jan,109.1,10/16/16,KC,@ Oak,"W, 26-10",3,-1,-0.33,1,0,0
,,10/23/16,KC,NO,"W, 27-21",24,17,70.8,214,8.9,2,0,46t,0/0,126,10/23/16,KC,NO,"W, 27-21",4,7,1.75,6,0,1
,,10/30/16,KC,@ Ind,"W, 30-14",19,9,47.4,127,6.7,1,0,23,Jan-00,87,10/30/16,KC,@ Ind,"W, 30-14",2,9,4.5,8,0,0
,,11/13/16,KC,@ Car,"W, 20-17",38,25,65.8,178,4.7,0,1,27,13-Mar,65.5,11/13/16,KC,@ Car,"W, 20-17",4,13,3.25,6,0,0
,,11/20/16,KC,TB,"L, 19-17",31,24,77.4,261,8.4,1,1,44,0/0,99,11/20/16,KC,TB,"L, 19-17",2,10,5,11t,1,1
,,11/27/16,KC,@ Den,"W, 30-27",44,26,59.1,220,5,1,0,21,30-Jun,79.7,11/27/16,KC,@ Den,"W, 30-27",2,2,1,3,0,0
,,12/4/16,KC,@ Atl,"W, 29-28",25,21,84,270,10.8,1,0,35,4-Jan,125,12/4/16,KC,@ Atl,"W, 29-28",3,-3,-1,-1,0,0
,,12/8/16,KC,Oak,"W, 21-13",26,17,65.4,264,10.2,1,1,39,6-Jan,95.7,12/8/16,KC,Oak,"W, 21-13",4,3,0.75,6,0,1
Andy Dalton,QB,9/11/11,Cin,@ Cle,"W, 27-17",15,10,66.7,81,5.4,1,0,22,11-Mar,102.4,9/11/11,Cin,@ Cle,"W, 27-17",0,0,0,0,0,0
,,9/18/11,Cin,@ Den,"L, 24-22",41,27,65.9,332,8.1,2,0,84,22-Feb,107,9/18/11,Cin,@ Den,"L, 24-22",2,3,1.5,5,0,0
,,9/25/11,Cin,SF,"L, 13-8",32,17,53.1,157,4.9,0,2,22,8-Jan,40.8,9/25/11,Cin,SF,"L, 13-8",1,5,5,5,0,0
,,10/2/11,Cin,Buf,"W, 23-20",36,18,50,298,8.3,1,2,58,11-Feb,64.4,10/2/11,Cin,Buf,"W, 23-20",3,12,4,6,1,2
,,10/9/11,Cin,@ Jax,"W, 30-20",33,21,63.6,179,5.4,2,1,37t,17-Feb,85.3,10/9/11,Cin,@ Jax,"W, 30-20",0,0,0,0,0,0
,,10/16/11,Cin,Ind,"W, 27-17",32,25,78.1,264,8.2,1,0,32,0/0,111.5,10/16/11,Cin,Ind,"W, 27-17",2,-1,-0.5,0,0,0
,,10/30/11,Cin,@ Sea,"W, 34-12",29,18,62.1,168,5.8,2,2,43t,8-Jan,72.2,10/30/11,Cin,@ Sea,"W, 34-12",2,3,1.5,3,0,0
,,11/6/11,Cin,@ Ten,"W, 24-17",39,22,56.4,217,5.6,3,0,25,7-Jan,97.9,11/6/11,Cin,@ Ten,"W, 24-17",3,4,1.33,3,0,1
,,11/13/11,Cin,Pit,"L, 24-17",30,15,50,170,5.7,2,2,36t,0/0,61.8,11/13/11,Cin,Pit,"L, 24-17",0,0,0,0,0,0
,,11/20/11,Cin,@ Bal,"L, 31-24",45,24,53.3,373,8.3,1,3,49t,9-Feb,60.7,11/20/11,Cin,@ Bal,"L, 31-24",4,32,8,11,0,2
,,11/27/11,Cin,Cle,"W, 23-20",31,21,67.7,270,8.7,1,0,51,13-Feb,105.6,11/27/11,Cin,Cle,"W, 23-20",6,23,3.83,7,0,0
,,12/4/11,Cin,@ Pit,"L, 35-7",24,11,45.8,135,5.6,1,0,43,24-Mar,77.6,12/4/11,Cin,@ Pit,"L, 35-7",2,6,3,4,0,0
,,12/11/11,Cin,Hou,"L, 20-19",28,16,57.1,189,6.8,1,0,36,5-Jan,89.7,12/11/11,Cin,Hou,"L, 20-19",1,2,2,2,0,0
,,12/18/11,Cin,@ Stl,"W, 20-13",26,15,57.7,179,6.9,0,1,55,6-Jan,62.8,12/18/11,Cin,@ Stl,"W, 20-13",2,-2,-1,-1,0,0
,,12/24/11,Cin,Ari,"W, 23-16",31,18,58.1,154,5,2,0,19t,18-Feb,92.7,12/24/11,Cin,Ari,"W, 23-16",5,48,9.6,17,0,3
,,1/1/12,Cin,Bal,"L, 24-16",44,22,50,232,5.3,0,0,31,1-Jan,65.7,1/1/12,Cin,Bal,"L, 24-16",4,17,4.25,13,0,1
,,1/7/12,Cin,@ Hou,"L, 31-10",42,27,64.3,257,6.1,0,3,36,Apr-33,51.4,1/7/12,Cin,@ Hou,"L, 31-10",3,17,5.67,15,0,2
,,9/10/12,Cin,@ Bal,"L, 44-13",37,22,59.5,221,6,0,1,27,28-Apr,65.3,9/10/12,Cin,@ Bal,"L, 44-13",3,11,3.67,6,0,1
,,9/16/12,Cin,Cle,"W, 34-27",31,24,77.4,318,10.3,3,1,50t,23-Jun,128.2,9/16/12,Cin,Cle,"W, 34-27",3,4,1.33,3,0,1
,,9/23/12,Cin,@ Was,"W, 38-31",27,19,70.4,328,12.1,3,1,59t,16-Feb,132.9,9/23/12,Cin,@ Was,"W, 38-31",2,16,8,17,0,0
,,9/30/12,Cin,@ Jax,"W, 27-10",31,20,64.5,244,7.9,2,1,42,0/0,96.7,9/30/12,Cin,@ Jax,"W, 27-10",6,5,0.83,5,1,2
,,10/7/12,Cin,Mia,"L, 17-13",43,26,60.5,234,5.4,1,2,24,16-Mar,63.5,10/7/12,Cin,Mia,"L, 17-13",4,21,5.25,12,0,2
,,10/14/12,Cin,@ Cle,"L, 34-24",46,31,67.4,381,8.3,3,3,57t,19-Feb,87.3,10/14/12,Cin,@ Cle,"L, 34-24",2,5,2.5,3,0,0
,,10/21/12,Cin,Pit,"L, 24-17",28,14,50,105,3.8,1,1,17,0/0,56.4,10/21/12,Cin,Pit,"L, 24-17",1,-1,-1,-1,0,0
,,11/4/12,Cin,Den,"L, 31-23",42,26,61.9,299,7.1,1,1,52,24-May,81.3,11/4/12,Cin,Den,"L, 31-23",2,16,8,11,0,1
,,11/11/12,Cin,NYG,"W, 31-13",30,21,70,199,6.6,4,0,56t,0/0,127.6,11/11/12,Cin,NYG,"W, 31-13",2,-2,-1,-1,0,0
,,11/18/12,Cin,@ KC,"W, 28-6",29,18,62.1,230,7.9,2,0,40,10-Feb,109.8,11/18/12,Cin,@ KC,"W, 28-6",3,13,4.33,11,1,2
,,11/25/12,Cin,Oak,"W, 34-10",30,16,53.3,210,7,3,0,48,16-Feb,109,11/25/12,Cin,Oak,"W, 34-10",4,5,1.25,8,0,0
,,12/2/12,Cin,@ SD,"W, 20-13",38,25,65.8,211,5.6,1,2,19t,Jan-00,66.9,12/2/12,Cin,@ SD,"W, 20-13",4,5,1.25,6t,1,2
,,12/9/12,Cin,Dal,"L, 20-19",33,20,60.6,206,6.2,1,1,25,16-May,76.1,12/9/12,Cin,Dal,"L, 20-19",1,0,0,0,0,0
,,12/13/12,Cin,@ Phi,"W, 34-13",27,13,48.1,127,4.7,1,0,19,Jun-35,74.2,12/13/12,Cin,@ Phi,"W, 34-13",8,18,2.25,11t,1,3
,,12/23/12,Cin,@ Pit,"W, 13-10",41,24,58.5,278,6.8,0,2,25,25-Jun,58.8,12/23/12,Cin,@ Pit,"W, 13-10",0,0,0,0,0,0
,,12/30/12,Cin,Bal,"W, 23-17",15,10,66.7,78,5.2,1,0,17,1-Feb,101.5,12/30/12,Cin,Bal,"W, 23-17",2,4,2,3,0,0
,,1/5/13,Cin,@ Hou,"L, 19-13",30,14,46.7,127,4.2,0,1,45,9-Feb,44.7,1/5/13,Cin,@ Hou,"L, 19-13",4,15,3.75,12,0,1
,,9/8/13,Cin,@ Chi,"L, 24-21",33,26,78.8,282,8.5,2,2,45t,5-Jan,97.2,9/8/13,Cin,@ Chi,"L, 24-21",2,2,1,3,0,1
,,9/16/13,Cin,Pit,"W, 20-10",45,25,55.6,280,6.2,1,0,61,0/0,81.7,9/16/13,Cin,Pit,"W, 20-10",3,10,3.33,4,0,0
,,9/22/13,Cin,GB,"W, 34-30",28,20,71.4,235,8.4,2,1,32,20-Apr,105.5,9/22/13,Cin,GB,"W, 34-30",4,3,0.75,4,0,0
,,9/29/13,Cin,@ Cle,"L, 17-6",42,23,54.8,206,4.9,0,1,29,3-Feb,58.2,9/29/13,Cin,@ Cle,"L, 17-6",4,13,3.25,10,0,2
,,10/6/13,Cin,NE,"W, 13-6",27,20,74.1,212,7.9,0,1,28,Apr-33,81.1,10/6/13,Cin,NE,"W, 13-6",6,25,4.17,9,0,1
,,10/13/13,Cin,@ Buf,"W, 27-24",40,26,65,337,8.4,3,1,54,19-Mar,105.9,10/13/13,Cin,@ Buf,"W, 27-24",7,17,2.43,6,0,2
,,10/20/13,Cin,@ Det,"W, 27-24",34,24,70.6,372,10.9,3,0,82t,8-Jan,135.9,10/20/13,Cin,@ Det,"W, 27-24",1,6,6,6,0,0
,,10/27/13,Cin,NYJ,"W, 49-9",30,19,63.3,325,10.8,5,1,53,2-Jan,125.7,10/27/13,Cin,NYJ,"W, 49-9",0,0,0,0,0,0
,,10/31/13,Cin,@ Mia,"L, 22-20",53,32,60.4,338,6.4,0,3,26,May-36,55.4,10/31/13,Cin,@ Mia,"L, 22-20",5,12,2.4,10,0,2
,,11/10/13,Cin,@ Bal,"L, 20-17",51,24,47.1,274,5.4,2,3,51t,30-May,52.2,11/10/13,Cin,@ Bal,"L, 20-17",6,22,3.67,12,0,3
,,11/17/13,Cin,Cle,"W, 41-20",27,13,48.1,93,3.4,3,2,25t,0/0,62.7,11/17/13,Cin,Cle,"W, 41-20",4,0,0,1,0,0
,,12/1/13,Cin,@ SD,"W, 17-10",23,14,60.9,190,8.3,1,1,50,0/0,83.6,12/1/13,Cin,@ SD,"W, 17-10",3,9,3,11,0,1
,,12/8/13,Cin,Ind,"W, 42-28",35,24,68.6,275,7.9,3,0,29t,0/0,120.5,12/8/13,Cin,Ind,"W, 42-28",5,11,2.2,8t,1,1
,,12/15/13,Cin,@ Pit,"L, 30-20",44,25,56.8,230,5.2,2,0,19,8-Jan,86.4,12/15/13,Cin,@ Pit,"L, 30-20",4,20,5,9,0,1
,,12/22/13,Cin,Min,"W, 42-14",38,27,71.1,363,9.6,4,0,41,18-Feb,136.2,12/22/13,Cin,Min,"W, 42-14",1,10,10,10,0,0
,,12/29/13,Cin,Bal,"W, 34-17",36,21,58.3,281,7.8,2,4,53t,0/0,62.2,12/29/13,Cin,Bal,"W, 34-17",6,23,3.83,9,1,1
,,1/5/14,Cin,SD,"L, 27-10",51,29,56.9,334,6.5,1,2,49,8-Mar,67,1/5/14,Cin,SD,"L, 27-10",5,26,5.2,12,0,0
,,9/7/14,Cin,@ Bal,"W, 23-16",38,25,65.8,301,7.9,1,0,77t,0/0,98.7,9/7/14,Cin,@ Bal,"W, 23-16",6,3,0.5,3,0,0
,,9/14/14,Cin,Atl,"W, 24-10",23,15,65.2,252,11,1,0,76t,0/0,116.6,9/14/14,Cin,Atl,"W, 24-10",3,6,2,4,0,1
,,9/21/14,Cin,Ten,"W, 33-7",23,15,65.2,169,7.3,0,1,29,0/0,68.9,9/21/14,Cin,Ten,"W, 33-7",3,3,1,3,0,2
,,10/5/14,Cin,@ NE,"L, 43-17",24,15,62.5,204,8.5,2,0,37t,8-Jan,117.4,10/5/14,Cin,@ NE,"L, 43-17",2,16,8,12,0,1
,,10/12/14,Cin,Car,"T, 37-37",43,33,76.7,323,7.5,2,2,34t,3-Jan,93.5,10/12/14,Cin,Car,"T, 37-37",4,25,6.25,20,0,3
,,10/19/14,Cin,@ Ind,"L, 27-0",38,18,47.4,126,3.3,0,0,32,17-Mar,55.4,10/19/14,Cin,@ Ind,"L, 27-0",1,0,0,0,0,0
,,10/26/14,Cin,Bal,"W, 27-24",28,21,75,266,9.5,0,1,53,27-Feb,89.3,10/26/14,Cin,Bal,"W, 27-24",6,14,2.33,5,2,4
,,11/2/14,Cin,Jax,"W, 33-23",31,19,61.3,233,7.5,2,2,36,1-Feb,79.1,11/2/14,Cin,Jax,"W, 33-23",2,11,5.5,8,0,0
,,11/6/14,Cin,Cle,"L, 24-3",33,10,30.3,86,2.6,0,3,18,14-Feb,2,11/6/14,Cin,Cle,"L, 24-3",3,8,2.67,4,0,1
,,11/16/14,Cin,@ NO,"W, 27-10",22,16,72.7,220,10,3,0,38,1-Jan,143.9,11/16/14,Cin,@ NO,"W, 27-10",5,12,2.4,11,0,1
,,11/23/14,Cin,@ Hou,"W, 22-13",35,24,68.6,233,6.7,1,1,20,0/0,84.6,11/23/14,Cin,@ Hou,"W, 22-13",7,6,0.86,3,0,1
,,11/30/14,Cin,@ TB,"W, 14-13",27,19,70.4,176,6.5,1,3,30,11-Feb,60.6,11/30/14,Cin,@ TB,"W, 14-13",3,7,2.33,5t,1,2
,,12/7/14,Cin,Pit,"L, 42-21",29,21,72.4,302,10.4,2,0,81t,5-Feb,128.8,12/7/14,Cin,Pit,"L, 42-21",4,22,5.5,20t,1,1
,,12/14/14,Cin,@ Cle,"W, 30-0",24,14,58.3,117,4.9,0,1,15,14-Feb,53.6,12/14/14,Cin,@ Cle,"W, 30-0",2,3,1.5,2,0,1
,,12/22/14,Cin,Den,"W, 37-28",25,17,68,146,5.8,2,1,22t,0/0,93.1,12/22/14,Cin,Den,"W, 37-28",6,25,4.17,10,0,2
,,12/28/14,Cin,@ Pit,"L, 27-17",38,27,71.1,244,6.4,2,2,19,23-Mar,83.7,12/28/14,Cin,@ Pit,"L, 27-17",3,8,2.67,5,0,1
,,1/4/15,Cin,@ Ind,"L, 26-10",35,18,51.4,155,4.4,0,0,26,11-Mar,63.4,1/4/15,Cin,@ Ind,"L, 26-10",4,34,8.5,16,0,2
,,9/13/15,Cin,@ Oak,"W, 33-13",34,25,73.5,269,7.9,2,0,31,0/0,115.9,9/13/15,Cin,@ Oak,"W, 33-13",4,1,0.25,3,0,0
,,9/20/15,Cin,SD,"W, 24-19",26,16,61.5,214,8.2,3,0,45t,0/0,126.1,9/20/15,Cin,SD,"W, 24-19",5,10,2,6,0,0
,,9/27/15,Cin,@ Bal,"W, 28-24",32,20,62.5,383,12,3,1,80t,11-Feb,122.3,9/27/15,Cin,@ Bal,"W, 28-24",5,10,2,7t,1,2
,,10/4/15,Cin,KC,"W, 36-21",24,17,70.8,321,13.4,1,0,55t,0/0,127.1,10/4/15,Cin,KC,"W, 36-21",3,16,5.33,8,0,1
,,10/11/15,Cin,Sea,"W, 27-24",44,30,68.2,331,7.5,2,1,44,21-Apr,95.9,10/11/15,Cin,Sea,"W, 27-24",7,18,2.57,6,1,3
,,10/18/15,Cin,@ Buf,"W, 34-21",33,22,66.7,243,7.4,3,0,42,0/0,118.6,10/18/15,Cin,@ Buf,"W, 34-21",3,-2,-0.67,0,0,0
,,11/1/15,Cin,@ Pit,"W, 16-10",38,23,60.5,231,6.1,1,2,38,13-Mar,64.7,11/1/15,Cin,@ Pit,"W, 16-10",6,4,0.67,5,0,0
,,11/5/15,Cin,Cle,"W, 31-10",27,21,77.8,234,8.7,3,0,29,15-Feb,139.8,11/5/15,Cin,Cle,"W, 31-10",6,5,0.83,6,0,1
,,11/16/15,Cin,Hou,"L, 10-6",38,22,57.9,197,5.2,0,1,26,15-Apr,61,11/16/15,Cin,Hou,"L, 10-6",4,31,7.75,11,0,2
,,11/22/15,Cin,@ Ari,"L, 34-31",39,22,56.4,315,8.1,2,0,42,Apr-37,99.8,11/22/15,Cin,@ Ari,"L, 34-31",8,34,4.25,12,0,2
,,11/29/15,Cin,Stl,"W, 31-7",27,20,74.1,233,8.6,3,1,45,0/0,121.4,11/29/15,Cin,Stl,"W, 31-7",2,4,2,5,0,0
,,12/6/15,Cin,@ Cle,"W, 37-3",19,14,73.7,220,11.6,2,0,57,6-Jan,146.8,12/6/15,Cin,@ Cle,"W, 37-3",4,11,2.75,4,1,2
,,12/13/15,Cin,Pit,"L, 33-20",5,3,60,59,11.8,0,1,24,0/0,61.7,12/13/15,Cin,Pit,"L, 33-20",0,0,0,0,0,0
,,9/11/16,Cin,@ NYJ,"W, 23-22",30,23,76.7,366,12.2,1,1,54t,Jul-42,114,9/11/16,Cin,@ NYJ,"W, 23-22",3,7,2.33,5,0,1
,,9/18/16,Cin,@ Pit,"L, 24-16",54,31,57.4,366,6.8,1,0,29,Jan-00,84.3,9/18/16,Cin,@ Pit,"L, 24-16",2,7,3.5,5,0,0
,,9/25/16,Cin,Den,"L, 29-17",31,21,67.7,206,6.6,0,1,27,17-Apr,72.8,9/25/16,Cin,Den,"L, 29-17",6,40,6.67,15,0,2
,,9/29/16,Cin,Mia,"W, 22-7",31,22,71,296,9.5,1,0,51,11-Jan,111.8,9/29/16,Cin,Mia,"W, 22-7",6,-12,-2,0,0,0
,,10/9/16,Cin,@ Dal,"L, 28-14",41,29,70.7,269,6.6,2,0,22,20-Apr,104.6,10/9/16,Cin,@ Dal,"L, 28-14",6,34,5.67,13,0,3
,,10/16/16,Cin,@ NE,"L, 35-17",31,21,67.7,254,8.2,1,0,32,17-Feb,103.4,10/16/16,Cin,@ NE,"L, 35-17",2,17,8.5,15,1,2
,,10/23/16,Cin,Cle,"W, 31-17",28,19,67.9,308,11,2,0,48t,20-Mar,128.3,10/23/16,Cin,Cle,"W, 31-17",0,0,0,0,0,0
,,10/30/16,Cin,Was,"T, 27-27",42,27,64.3,284,6.8,1,1,40,21-Mar,81.8,10/30/16,Cin,Was,"T, 27-27",4,21,5.25,14,1,3
,,11/14/16,Cin,@ NYG,"L, 21-20",29,16,55.2,204,7,1,1,71,18-Mar,74.5,11/14/16,Cin,@ NYG,"L, 21-20",1,15,15,15,0,1
,,11/20/16,Cin,Buf,"L, 16-12",43,24,55.8,207,4.8,1,2,21,Jan-00,57,11/20/16,Cin,Buf,"L, 16-12",4,10,2.5,7,1,2
,,11/27/16,Cin,@ Bal,"L, 19-14",48,26,54.2,283,5.9,1,0,25,22-Mar,78.7,11/27/16,Cin,@ Bal,"L, 19-14",3,14,4.67,12,0,1
,,12/4/16,Cin,Phi,"W, 32-14",31,23,74.2,332,10.7,2,0,50,0/0,130,12/4/16,Cin,Phi,"W, 32-14",2,9,4.5,10,0,1
,,12/11/16,Cin,@ Cle,"W, 23-10",28,20,71.4,180,6.4,2,0,18,Apr-33,112.2,12/11/16,Cin,@ Cle,"W, 23-10",2,17,8.5,9,0,0
Ben Roethlisberger,QB,9/19/04,Pit,@ Bal,"L, 30-13",20,12,60,176,8.8,2,2,58,16-Feb,82.5,9/19/04,Pit,@ Bal,"L, 30-13",0,0,0,0,0,0
,,9/26/04,Pit,@ Mia,"W, 13-3",22,12,54.5,163,7.4,1,1,42,2-Jan,74.6,9/26/04,Pit,@ Mia,"W, 13-3",1,2,2,2,0,0
,,10/3/04,Pit,Cin,"W, 28-17",25,17,68,174,7,1,0,30,6-Jan,101.1,10/3/04,Pit,Cin,"W, 28-17",4,2,0.5,3,0,0
,,10/10/04,Pit,Cle,"W, 34-23",21,16,76.2,231,11,1,1,48,0/0,107.4,10/10/04,Pit,Cle,"W, 34-23",6,13,2.17,9,1,1
,,10/17/04,Pit,@ Dal,"W, 24-20",25,21,84,193,7.7,2,0,32,21-Mar,125.5,10/17/04,Pit,@ Dal,"W, 24-20",2,8,4,9,0,1
,,10/31/04,Pit,NE,"W, 34-20",24,18,75,196,8.2,2,0,47t,0/0,126.4,10/31/04,Pit,NE,"W, 34-20",5,3,0.6,5,0,1
,,11/7/04,Pit,Phi,"W, 27-3",18,11,61.1,183,10.2,2,1,47,15-Feb,109.3,11/7/04,Pit,Phi,"W, 27-3",6,10,1.67,16,0,1
,,11/14/04,Pit,@ Cle,"W, 24-10",16,10,62.5,134,8.4,0,1,22,14-Feb,63,11/14/04,Pit,@ Cle,"W, 24-10",7,38,5.43,20,0,2
,,11/21/04,Pit,@ Cin,"W, 19-14",21,15,71.4,138,6.6,1,0,26,Jul-54,104.9,11/21/04,Pit,@ Cin,"W, 19-14",9,16,1.78,4,0,3
,,11/28/04,Pit,Was,"W, 16-7",20,9,45,131,6.5,0,0,27,Apr-31,66.9,11/28/04,Pit,Was,"W, 16-7",6,4,0.67,3,0,0
,,12/5/04,Pit,@ Jax,"W, 17-16",17,14,82.4,221,13,2,0,37t,25-Mar,158,12/5/04,Pit,@ Jax,"W, 17-16",3,40,13.33,20,0,2
,,12/12/04,Pit,NYJ,"W, 17-6",19,9,47.4,144,7.6,0,2,46,12-Feb,33.6,12/12/04,Pit,NYJ,"W, 17-6",4,-2,-0.5,1,0,0
,,12/18/04,Pit,@ NYG,"W, 33-30",28,18,64.3,316,11.3,1,2,40,17-Mar,84.8,12/18/04,Pit,@ NYG,"W, 33-30",1,-1,-1,-1,0,0
,,12/26/04,Pit,Bal,"W, 20-7",19,14,73.7,221,11.6,2,1,36t,0/0,125.1,12/26/04,Pit,Bal,"W, 20-7",2,11,5.5,9,0,1
,,1/15/05,Pit,NYJ,"W, 20-17",30,17,56.7,181,6,1,2,21,10-Jan,57.8,1/15/05,Pit,NYJ,"W, 20-17",4,30,7.5,20,0,1
,,1/23/05,Pit,NE,"L, 41-27",24,14,58.3,226,9.4,2,3,34,1-Jan,78.1,1/23/05,Pit,NE,"L, 41-27",5,45,9,13,0,4
,,9/11/05,Pit,Ten,"W, 34-7",11,9,81.8,218,19.8,2,0,63t,0/0,158.3,9/11/05,Pit,Ten,"W, 34-7",3,5,1.67,5,0,1
,,9/18/05,Pit,@ Hou,"W, 27-7",21,14,66.7,254,12.1,2,0,54,1-Jan,139.8,9/18/05,Pit,@ Hou,"W, 27-7",0,0,0,0,0,0
,,9/25/05,Pit,NE,"L, 23-20",28,12,42.9,216,7.7,2,0,85t,26-Apr,93.8,9/25/05,Pit,NE,"L, 23-20",3,17,5.67,10,0,1
,,10/10/05,Pit,@ SD,"W, 24-22",26,17,65.4,225,8.7,1,0,33,18-Mar,105.4,10/10/05,Pit,@ SD,"W, 24-22",2,15,7.5,8,1,2
,,10/23/05,Pit,@ Cin,"W, 27-13",14,9,64.3,93,6.6,2,1,21,10-Jan,93.2,10/23/05,Pit,@ Cin,"W, 27-13",4,-5,-1.25,-1,0,0
,,10/31/05,Pit,Bal,"W, 20-19",30,18,60,177,5.9,2,1,23,17-Feb,85,10/31/05,Pit,Bal,"W, 20-19",4,4,1,3,0,1
,,11/28/05,Pit,@ Ind,"L, 26-7",26,17,65.4,133,5.1,1,2,35,22-Mar,58.7,11/28/05,Pit,@ Ind,"L, 26-7",3,21,7,13,0,1
,,12/4/05,Pit,Cin,"L, 38-31",41,29,70.7,386,9.4,3,3,41,7-Feb,94.2,12/4/05,Pit,Cin,"L, 38-31",1,2,2,2,0,1
,,12/11/05,Pit,Chi,"W, 21-9",20,13,65,173,8.7,1,0,45,0/0,109,12/11/05,Pit,Chi,"W, 21-9",2,-2,-1,-1,0,0
,,12/18/05,Pit,@ Min,"W, 18-3",15,10,66.7,149,9.9,0,0,50,16-Apr,99,12/18/05,Pit,@ Min,"W, 18-3",6,7,1.17,9,1,1
,,12/24/05,Pit,@ Cle,"W, 41-0",20,13,65,226,11.3,1,0,46,9-Feb,120,12/24/05,Pit,@ Cle,"W, 41-0",0,0,0,0,0,0
,,1/1/06,Pit,Det,"W, 35-21",16,7,43.8,135,8.4,0,2,43,3-Jan,34.1,1/1/06,Pit,Det,"W, 35-21",3,5,1.67,7t,1,1
,,1/8/06,Pit,@ Cin,"W, 31-17",19,14,73.7,208,10.9,3,0,54,6-Jan,148.7,1/8/06,Pit,@ Cin,"W, 31-17",4,3,0.75,6,0,1
,,1/15/06,Pit,@ Ind,"W, 21-18",24,14,58.3,197,8.2,2,1,45,14-Feb,95.3,1/15/06,Pit,@ Ind,"W, 21-18",5,-3,-0.6,1,0,1
,,1/22/06,Pit,@ Den,"W, 34-17",29,21,72.4,275,9.5,2,0,30,7-Feb,124.9,1/22/06,Pit,@ Den,"W, 34-17",3,12,4,6,1,1
,,2/5/06,Pit,Sea,"W, 21-10",21,9,42.9,123,5.9,0,2,37,8-Jan,22.6,2/5/06,Pit,Sea,"W, 21-10",7,25,3.57,10,1,3
,,9/18/06,Pit,@ Jax,"L, 9-0",32,17,53.1,141,4.4,0,2,18,14-Feb,38.7,9/18/06,Pit,@ Jax,"L, 9-0",1,0,0,0,0,0
,,9/24/06,Pit,Cin,"L, 28-20",39,18,46.2,208,5.3,0,3,36,13-Mar,30.7,9/24/06,Pit,Cin,"L, 28-20",1,-1,-1,-1,0,0
,,10/8/06,Pit,@ SD,"L, 23-13",31,20,64.5,220,7.1,0,2,32,23-May,58.5,10/8/06,Pit,@ SD,"L, 23-13",0,0,0,0,0,0
,,10/15/06,Pit,KC,"W, 45-7",19,16,84.2,238,12.5,2,0,50,6-Jan,153.8,10/15/06,Pit,KC,"W, 45-7",1,0,0,0,0,0
,,10/22/06,Pit,@ Atl,"L, 41-38",22,16,72.7,238,10.8,3,0,36,15-Mar,147.3,10/22/06,Pit,@ Atl,"L, 41-38",3,-2,-0.67,0,0,0
,,10/29/06,Pit,@ Oak,"L, 20-13",37,25,67.6,301,8.1,1,4,49,30-May,61.7,10/29/06,Pit,@ Oak,"L, 20-13",1,5,5,5,0,0
,,11/5/06,Pit,Den,"L, 31-20",54,38,70.4,433,8,1,3,63,30-Apr,77.2,11/5/06,Pit,Den,"L, 31-20",3,9,3,4,0,0
,,11/12/06,Pit,NO,"W, 38-31",28,17,60.7,264,9.4,3,0,46,14-Feb,127.7,11/12/06,Pit,NO,"W, 38-31",2,1,0.5,2,0,1
,,11/19/06,Pit,@ Cle,"W, 24-20",44,25,56.8,272,6.2,2,3,23,11-Feb,61.9,11/19/06,Pit,@ Cle,"W, 24-20",2,20,10,13,0,1
,,11/26/06,Pit,@ Bal,"L, 27-0",41,21,51.2,214,5.2,0,2,27,Sep-73,46.2,11/26/06,Pit,@ Bal,"L, 27-0",1,-1,-1,-1,0,0
,,12/3/06,Pit,TB,"W, 20-3",25,12,48,198,7.9,2,1,36,7-Jan,85.1,12/3/06,Pit,TB,"W, 20-3",2,2,1,1,0,0
,,12/7/06,Pit,Cle,"W, 27-7",21,11,52.4,225,10.7,1,0,49t,0/0,106.3,12/7/06,Pit,Cle,"W, 27-7",3,4,1.33,3,1,1
,,12/17/06,Pit,@ Car,"W, 37-3",17,10,58.8,125,7.4,1,0,21,22-Mar,101.3,12/17/06,Pit,@ Car,"W, 37-3",5,12,2.4,8,1,4
,,12/24/06,Pit,Bal,"L, 31-7",31,15,48.4,156,5,1,2,31,17-May,47.2,12/24/06,Pit,Bal,"L, 31-7",4,33,8.25,20,0,2
,,12/31/06,Pit,@ Cin,"W, 23-17",28,19,67.9,280,10,1,1,67t,5-Jan,97.3,12/31/06,Pit,@ Cin,"W, 23-17",3,16,5.33,11,0,2
,,9/9/07,Pit,@ Cle,"W, 34-7",23,12,52.2,161,7,4,0,40t,2-Jan,114.3,9/9/07,Pit,@ Cle,"W, 34-7",1,2,2,2,0,1
,,9/16/07,Pit,Buf,"W, 26-3",34,21,61.8,242,7.1,1,1,30,6-Jan,80.8,9/16/07,Pit,Buf,"W, 26-3",1,10,10,10,0,1
,,9/23/07,Pit,SF,"W, 37-16",20,13,65,160,8,1,0,29,15-Feb,106.3,9/23/07,Pit,SF,"W, 37-16",1,18,18,18,0,1
,,9/30/07,Pit,@ Ari,"L, 21-14",32,17,53.1,244,7.6,2,2,43t,Apr-39,72.9,9/30/07,Pit,@ Ari,"L, 21-14",4,26,6.5,16,0,2
,,10/7/07,Pit,Sea,"W, 21-0",22,18,81.8,206,9.4,1,0,25,27-Mar,120.8,10/7/07,Pit,Sea,"W, 21-0",1,1,1,1,0,1
,,10/21/07,Pit,@ Den,"L, 31-28",35,24,68.6,290,8.3,4,2,40,30-Apr,108,10/21/07,Pit,@ Den,"L, 31-28",3,20,6.67,11,0,2
,,10/28/07,Pit,@ Cin,"W, 24-13",26,19,73.1,230,8.8,2,1,42,Jan-00,109.5,10/28/07,Pit,@ Cin,"W, 24-13",2,9,4.5,9,0,1
,,11/5/07,Pit,Bal,"W, 38-7",16,13,81.2,209,13.1,5,0,45,22-Mar,158.3,11/5/07,Pit,Bal,"W, 38-7",0,0,0,0,0,0
,,11/11/07,Pit,Cle,"W, 31-28",34,23,67.6,278,8.2,2,1,22,Apr-36,99.9,11/11/07,Pit,Cle,"W, 31-28",5,49,9.8,30t,1,3
,,11/18/07,Pit,@ NYJ,"L, 19-16",25,15,60,195,7.8,1,1,27,Jul-44,81.3,11/18/07,Pit,@ NYJ,"L, 19-16",2,5,2.5,6,0,0
,,11/26/07,Pit,Mia,"W, 3-0",21,18,85.7,165,7.9,0,1,21,May-33,79.6,11/26/07,Pit,Mia,"W, 3-0",1,1,1,1,0,0
,,12/2/07,Pit,Cin,"W, 24-10",32,21,65.6,184,5.8,2,2,19,0/0,75.5,12/2/07,Pit,Cin,"W, 24-10",6,13,2.17,6t,1,1
,,12/9/07,Pit,@ NE,"L, 34-13",32,19,59.4,187,5.8,1,0,32t,19-Mar,86.3,12/9/07,Pit,@ NE,"L, 34-13",4,24,6,9,0,2
,,12/16/07,Pit,Jax,"L, 29-22",32,15,46.9,142,4.4,3,0,30t,May-40,90.9,12/16/07,Pit,Jax,"L, 29-22",2,15,7.5,11,0,2
,,12/20/07,Pit,@ Stl,"W, 41-24",20,16,80,261,13.1,3,0,83,Apr-34,158.3,12/20/07,Pit,@ Stl,"W, 41-24",2,11,5.5,9,0,0
,,1/5/08,Pit,Jax,"L, 31-29",42,29,69,337,8,2,3,37t,Jun-40,79.2,1/5/08,Pit,Jax,"L, 31-29",4,13,3.25,6,0,1
,,9/7/08,Pit,Hou,"W, 38-17",14,13,92.9,137,9.8,2,0,29,15-Feb,147,9/7/08,Pit,Hou,"W, 38-17",2,17,8.5,17,0,1
,,9/14/08,Pit,@ Cle,"W, 10-6",20,13,65,179,8.9,1,0,48,15-Feb,110.2,9/14/08,Pit,@ Cle,"W, 10-6",1,0,0,0,0,0
,,9/21/08,Pit,@ Phi,"L, 15-6",25,13,52,131,5.2,0,1,16,Aug-35,50.6,9/21/08,Pit,@ Phi,"L, 15-6",4,6,1.5,2,0,0
,,9/29/08,Pit,Bal,"W, 23-20",24,14,58.3,191,8,1,1,49,23-Mar,80.4,9/29/08,Pit,Bal,"W, 23-20",2,3,1.5,4,0,0
,,10/5/08,Pit,@ Jax,"W, 26-21",41,26,63.4,309,7.5,3,1,48t,23-Mar,100.6,10/5/08,Pit,@ Jax,"W, 26-21",2,2,1,3,0,0
,,10/19/08,Pit,@ Cin,"W, 38-10",28,17,60.7,216,7.7,2,0,50t,0/0,108.6,10/19/08,Pit,@ Cin,"W, 38-10",2,-1,-0.5,0,0,0
,,10/26/08,Pit,NYG,"L, 21-14",29,13,44.8,189,6.5,1,4,65t,May-35,38.5,10/26/08,Pit,NYG,"L, 21-14",1,3,3,3,0,0
,,11/3/08,Pit,@ Was,"W, 23-6",17,5,29.4,50,2.9,0,1,14,6-Mar,15.1,11/3/08,Pit,@ Was,"W, 23-6",1,1,1,1t,1,1
,,11/9/08,Pit,Ind,"L, 24-20",41,29,70.7,280,6.8,0,3,41,13-Feb,59,11/9/08,Pit,Ind,"L, 24-20",1,-1,-1,-1,0,0
,,11/16/08,Pit,SD,"W, 11-10",41,31,75.6,308,7.5,0,0,30,22-Apr,96.4,11/16/08,Pit,SD,"W, 11-10",0,0,0,0,0,0
,,11/20/08,Pit,Cin,"W, 27-10",30,17,56.7,243,8.1,1,0,37,0/0,94.2,11/20/08,Pit,Cin,"W, 27-10",3,13,4.33,8t,1,2
,,11/30/08,Pit,@ NE,"W, 33-10",33,17,51.5,179,5.4,2,1,21,7-Jan,75.2,11/30/08,Pit,@ NE,"W, 33-10",3,6,2,5,0,1
,,12/7/08,Pit,Dal,"W, 20-13",33,17,51.5,204,6.2,1,0,47,May-36,80.9,12/7/08,Pit,Dal,"W, 20-13",5,17,3.4,9,0,1
,,12/14/08,Pit,@ Bal,"W, 13-9",40,22,55,246,6.2,1,0,30,26-Mar,81.9,12/14/08,Pit,@ Bal,"W, 13-9",4,21,5.25,9,0,1
,,12/21/08,Pit,@ Ten,"L, 31-14",39,25,64.1,329,8.4,2,2,31t,28-May,86.4,12/21/08,Pit,@ Ten,"L, 31-14",3,14,4.67,9,0,1
,,12/28/08,Pit,Cle,"W, 31-0",14,9,64.3,110,7.9,0,1,24,0/0,58.6,12/28/08,Pit,Cle,"W, 31-0",0,0,0,0,0,0
,,1/11/09,Pit,SD,"W, 35-24",26,17,65.4,181,7,1,0,41,4-Jan,98.4,1/11/09,Pit,SD,"W, 35-24",0,0,0,0,0,0
,,1/18/09,Pit,Bal,"W, 23-14",33,16,48.5,255,7.7,1,0,65t,Apr-32,84.8,1/18/09,Pit,Bal,"W, 23-14",2,-2,-1,-1,0,0
,,2/1/09,Pit,@ Ari,"W, 27-23",30,21,70,256,8.5,1,1,40,22-Mar,93.2,2/1/09,Pit,@ Ari,"W, 27-23",3,2,0.67,4,0,0
,,9/10/09,Pit,Ten,"W, 13-10",43,33,76.7,363,8.4,1,2,34t,Apr-42,89.6,9/10/09,Pit,Ten,"W, 13-10",1,3,3,3,0,0
,,9/20/09,Pit,@ Chi,"L, 17-14",35,23,65.7,221,6.3,1,1,24,18-Feb,80.8,9/20/09,Pit,@ Chi,"L, 17-14",3,6,2,5,1,2
,,9/27/09,Pit,@ Cin,"L, 23-20",31,22,71,276,8.9,1,1,51,5-Jan,95.6,9/27/09,Pit,@ Cin,"L, 23-20",2,3,1.5,2,1,2
,,10/4/09,Pit,SD,"W, 38-28",33,26,78.8,333,10.1,2,0,35,19-Mar,128.9,10/4/09,Pit,SD,"W, 38-28",4,3,0.75,3,0,2
,,10/11/09,Pit,@ Det,"W, 28-20",30,23,76.7,277,9.2,3,1,47t,15-Mar,123.9,10/11/09,Pit,@ Det,"W, 28-20",4,-3,-0.75,0,0,0
,,10/18/09,Pit,Cle,"W, 27-14",35,23,65.7,417,11.9,2,1,52t,14-Mar,113.6,10/18/09,Pit,Cle,"W, 27-14",6,11,1.83,13,0,2
,,10/25/09,Pit,Min,"W, 27-17",26,14,53.8,175,6.7,1,0,45,23-Apr,87.8,10/25/09,Pit,Min,"W, 27-17",1,2,2,2,0,1
,,11/9/09,Pit,@ Den,"W, 28-10",29,21,72.4,233,8,3,1,35,31-Mar,116,11/9/09,Pit,@ Den,"W, 28-10",2,-3,-1.5,-1,0,0
,,11/15/09,Pit,Cin,"L, 18-12",40,20,50,174,4.3,0,1,21,28-Apr,51.5,11/15/09,Pit,Cin,"L, 18-12",2,16,8,15,0,2
,,11/22/09,Pit,@ KC,"L, 27-24",42,32,76.2,398,9.5,3,2,41,13-Feb,109,11/22/09,Pit,@ KC,"L, 27-24",1,4,4,4,0,0
,,12/6/09,Pit,Oak,"L, 27-24",24,18,75,278,11.6,2,1,57,9-Jan,123.3,12/6/09,Pit,Oak,"L, 27-24",3,7,2.33,8,0,1
,,12/10/09,Pit,@ Cle,"L, 13-6",32,18,56.2,201,6.3,0,0,24,Aug-60,75.1,12/10/09,Pit,@ Cle,"L, 13-6",3,12,4,10,0,2
,,12/20/09,Pit,GB,"W, 37-36",46,29,63,503,10.9,3,0,60t,31-May,121.9,12/20/09,Pit,GB,"W, 37-36",1,7,7,7,0,0
,,12/27/09,Pit,Bal,"W, 23-20",33,17,51.5,259,7.8,1,1,45,21-Apr,75.2,12/27/09,Pit,Bal,"W, 23-20",3,-3,-1,-1,0,0
,,1/3/10,Pit,@ Mia,"W, 30-24",27,18,66.7,220,8.1,3,0,54t,19-Mar,128.6,1/3/10,Pit,@ Mia,"W, 30-24",4,17,4.25,13,0,2
,,10/17/10,Pit,Cle,"W, 28-10",27,16,59.3,257,9.5,3,1,50,0/0,112.7,10/17/10,Pit,Cle,"W, 28-10",1,5,5,5,0,0
,,10/24/10,Pit,@ Mia,"W, 23-22",27,19,70.4,302,11.2,2,0,53t,12-Mar,132,10/24/10,Pit,@ Mia,"W, 23-22",5,1,0.2,2,0,0
,,10/31/10,Pit,@ NO,"L, 20-10",28,17,60.7,195,7,0,1,25,24-Mar,66.8,10/31/10,Pit,@ NO,"L, 20-10",1,-1,-1,-1,0,0
,,11/8/10,Pit,@ Cin,"W, 27-21",27,17,63,163,6,1,1,35,9-Jan,76.6,11/8/10,Pit,@ Cin,"W, 27-21",5,13,2.6,12,0,2
,,11/14/10,Pit,NE,"L, 39-26",49,30,61.2,387,7.9,3,1,33t,May-38,97.9,11/14/10,Pit,NE,"L, 39-26",1,12,12,12,0,1
,,11/21/10,Pit,Oak,"W, 35-3",29,18,62.1,275,9.5,3,0,52t,6-Feb,127.8,11/21/10,Pit,Oak,"W, 35-3",3,55,18.33,31,1,3
,,11/28/10,Pit,@ Buf,"W, 19-16",33,20,60.6,246,7.5,0,0,26,26-May,83.6,11/28/10,Pit,@ Buf,"W, 19-16",1,18,18,18,0,1
,,12/5/10,Pit,@ Bal,"W, 13-10",38,22,57.9,253,6.7,1,1,28,19-Mar,75.9,12/5/10,Pit,@ Bal,"W, 13-10",1,-1,-1,-1,0,0
,,12/12/10,Pit,Cin,"W, 23-7",33,21,63.6,258,7.8,0,0,33,27-Apr,87.7,12/12/10,Pit,Cin,"W, 23-7",3,23,7.67,13,0,2
,,12/19/10,Pit,NYJ,"L, 22-17",44,23,52.3,264,6,1,0,29,Mar-32,78.2,12/19/10,Pit,NYJ,"L, 22-17",2,25,12.5,22,0,2
,,12/23/10,Pit,Car,"W, 27-3",32,22,68.8,320,10,1,0,43t,27-Mar,111.5,12/23/10,Pit,Car,"W, 27-3",7,2,0.29,3,1,1
,,1/2/11,Pit,@ Cle,"W, 41-9",22,15,68.2,280,12.7,2,0,56t,0/0,141.3,1/2/11,Pit,@ Cle,"W, 41-9",4,24,6,10,0,3
,,1/15/11,Pit,Bal,"W, 31-24",32,19,59.4,226,7.1,2,0,58,Jun-34,101.8,1/15/11,Pit,Bal,"W, 31-24",6,11,1.83,6,0,1
,,1/23/11,Pit,NYJ,"W, 24-19",19,10,52.6,133,7,0,2,24,12-Feb,35.5,1/23/11,Pit,NYJ,"W, 24-19",11,21,1.91,12,1,4
,,2/6/11,Pit,@ GB,"L, 31-25",40,25,62.5,263,6.6,2,2,37,2-Jan,77.4,2/6/11,Pit,@ GB,"L, 31-25",4,31,7.75,18,0,1
,,9/11/11,Pit,@ Bal,"L, 35-7",41,22,53.7,280,6.8,1,3,31,Apr-34,52.9,9/11/11,Pit,@ Bal,"L, 35-7",1,9,9,9,0,0
,,9/18/11,Pit,Sea,"W, 24-0",30,22,73.3,298,9.9,1,0,53,16-Feb,115.7,9/18/11,Pit,Sea,"W, 24-0",5,8,1.6,7,0,0
,,9/25/11,Pit,@ Ind,"W, 23-20",37,25,67.6,364,9.8,1,1,81t,23-Mar,97.1,9/25/11,Pit,@ Ind,"W, 23-20",5,15,3,11,0,2
,,10/2/11,Pit,@ Hou,"L, 17-10",30,16,53.3,206,6.9,0,1,40,28-May,61.3,10/2/11,Pit,@ Hou,"L, 17-10",2,11,5.5,8,0,1
,,10/9/11,Pit,Ten,"W, 38-17",34,24,70.6,228,6.7,5,1,40t,4-Jan,116.2,10/9/11,Pit,Ten,"W, 38-17",0,0,0,0,0,0
,,10/16/11,Pit,Jax,"W, 17-13",23,12,52.2,200,8.7,1,0,48,15-Mar,96.3,10/16/11,Pit,Jax,"W, 17-13",3,9,3,7,0,1
,,10/23/11,Pit,@ Ari,"W, 32-20",39,26,66.7,361,9.3,3,0,95t,7-Feb,121.8,10/23/11,Pit,@ Ari,"W, 32-20",2,-2,-1,-1,0,0
,,10/30/11,Pit,NE,"W, 25-17",50,36,72,365,7.3,2,1,26,May-36,97.5,10/30/11,Pit,NE,"W, 25-17",2,1,0.5,2,0,0
,,11/6/11,Pit,Bal,"L, 23-20",37,20,54.1,330,8.9,1,1,32,8-Jan,82,11/6/11,Pit,Bal,"L, 23-20",3,13,4.33,8,0,2
,,11/13/11,Pit,@ Cin,"W, 24-17",33,21,63.6,245,7.4,1,1,26,22-May,83.5,11/13/11,Pit,@ Cin,"W, 24-17",3,-2,-0.67,0,0,0
,,11/27/11,Pit,@ KC,"W, 13-9",31,21,67.7,193,6.2,1,1,34,11-Jan,81.8,11/27/11,Pit,@ KC,"W, 13-9",4,8,2,7,0,0
,,12/4/11,Pit,Cin,"W, 35-7",23,15,65.2,176,7.7,2,0,45,13-Feb,117.3,12/4/11,Pit,Cin,"W, 35-7",0,0,0,0,0,0
,,12/8/11,Pit,Cle,"W, 14-3",21,16,76.2,280,13.3,2,1,79t,5-Jan,129.6,12/8/11,Pit,Cle,"W, 14-3",0,0,0,0,0,0
,,12/19/11,Pit,@ SF,"L, 20-3",44,25,56.8,330,7.5,0,3,39,25-Mar,52.3,12/19/11,Pit,@ SF,"L, 20-3",1,0,0,0,0,0
,,1/1/12,Pit,@ Cle,"W, 13-9",40,23,57.5,221,5.5,0,0,40,22-Feb,73,1/1/12,Pit,@ Cle,"W, 13-9",0,0,0,0,0,0
,,1/8/12,Pit,@ Den,"L, 29-23",40,22,55,289,7.2,1,1,33,May-45,75.9,1/8/12,Pit,@ Den,"L, 29-23",3,15,5,9,0,0
,,9/9/12,Pit,@ Den,"L, 31-19",40,22,55,245,6.1,2,1,27,May-36,79.7,9/9/12,Pit,@ Den,"L, 31-19",2,4,2,2,0,1
,,9/16/12,Pit,NYJ,"W, 27-10",31,24,77.4,275,8.9,2,0,37t,10-Mar,125.1,9/16/12,Pit,NYJ,"W, 27-10",0,0,0,0,0,0
,,9/23/12,Pit,@ Oak,"L, 34-31",49,36,73.5,384,7.8,4,0,22t,5-Jan,123.2,9/23/12,Pit,@ Oak,"L, 34-31",1,8,8,8,0,0
,,10/7/12,Pit,Phi,"W, 16-14",38,22,57.9,220,5.8,1,0,20,0/0,83.2,10/7/12,Pit,Phi,"W, 16-14",3,14,4.67,9,0,0
,,10/11/12,Pit,@ Ten,"L, 26-23",40,24,60,363,9.1,1,1,82t,7-Jan,87.8,10/11/12,Pit,@ Ten,"L, 26-23",1,14,14,14,0,1
,,10/21/12,Pit,@ Cin,"W, 24-17",37,27,73,278,7.5,1,1,31,14-Mar,91.9,10/21/12,Pit,@ Cin,"W, 24-17",1,-1,-1,-1,0,0
,,10/28/12,Pit,Was,"W, 27-12",33,24,72.7,222,6.7,3,0,27,0/0,121,10/28/12,Pit,Was,"W, 27-12",2,6,3,3,0,0
,,11/4/12,Pit,@ NYG,"W, 24-20",30,21,70,216,7.2,2,1,51t,25-Apr,98.8,11/4/12,Pit,@ NYG,"W, 24-20",4,-1,-0.25,5,0,0
,,11/12/12,Pit,KC,"W, 16-13",18,9,50,84,4.7,1,0,20,3-Jan,81.7,11/12/12,Pit,KC,"W, 16-13",1,14,14,14,0,1
,,12/9/12,Pit,SD,"L, 34-24",42,22,52.4,285,6.8,3,1,40t,14-Feb,87.9,12/9/12,Pit,SD,"L, 34-24",5,31,6.2,10,0,2
,,12/16/12,Pit,@ Dal,"L, 27-24",40,24,60,339,8.5,2,1,60,20-Apr,93.6,12/16/12,Pit,@ Dal,"L, 27-24",2,2,1,3,0,0
,,12/23/12,Pit,Cin,"L, 13-10",28,14,50,220,7.9,1,2,60t,Apr-35,58.6,12/23/12,Pit,Cin,"L, 13-10",2,3,1.5,4,0,0
,,12/30/12,Pit,Cle,"W, 24-10",23,15,65.2,134,5.8,3,0,16,13-Feb,120.3,12/30/12,Pit,Cle,"W, 24-10",2,-2,-1,-1,0,0
,,9/8/13,Pit,Ten,"L, 16-9",33,21,63.6,191,5.8,1,1,22,28-May,76.7,9/8/13,Pit,Ten,"L, 16-9",1,0,0,0,0,0
,,9/16/13,Pit,@ Cin,"L, 20-10",37,20,54.1,251,6.8,1,1,43,17-Feb,73.1,9/16/13,Pit,@ Cin,"L, 20-10",1,6,6,6,0,0
,,9/22/13,Pit,Chi,"L, 40-23",41,26,63.4,406,9.9,2,2,45,27-Mar,92.1,9/22/13,Pit,Chi,"L, 40-23",2,7,3.5,5,0,1
,,9/29/13,Pit,@ Min,"L, 34-27",51,36,70.6,383,7.5,1,1,36,26-May,90.6,9/29/13,Pit,@ Min,"L, 34-27",0,0,0,0,0,0
,,10/13/13,Pit,@ NYJ,"W, 19-6",30,23,76.7,264,8.8,1,0,55t,17-Mar,113.8,10/13/13,Pit,@ NYJ,"W, 19-6",2,11,5.5,10,0,1
,,10/20/13,Pit,Bal,"W, 19-16",23,17,73.9,160,7,1,0,19,15-Mar,107.2,10/20/13,Pit,Bal,"W, 19-16",3,25,8.33,19,0,1
,,10/27/13,Pit,@ Oak,"L, 21-18",45,29,64.4,275,6.1,1,2,33,May-34,70.1,10/27/13,Pit,@ Oak,"L, 21-18",1,1,1,1,0,0
,,11/3/13,Pit,@ NE,"L, 55-31",48,28,58.3,400,8.3,4,2,42,29-May,95.8,11/3/13,Pit,@ NE,"L, 55-31",2,-1,-0.5,0,0,0
,,11/10/13,Pit,Buf,"W, 23-10",30,18,60,204,6.8,1,1,40,Apr-40,77.6,11/10/13,Pit,Buf,"W, 23-10",0,0,0,0,0,0
,,11/17/13,Pit,Det,"W, 37-27",45,29,64.4,367,8.2,4,0,47t,9-Jan,119.4,11/17/13,Pit,Det,"W, 37-27",6,12,2,10,0,0
,,11/24/13,Pit,@ Cle,"W, 27-11",34,22,64.7,217,6.4,2,0,41t,0/0,102.2,11/24/13,Pit,@ Cle,"W, 27-11",2,-3,-1.5,-1,0,0
,,11/28/13,Pit,@ Bal,"L, 22-20",44,28,63.6,257,5.8,2,0,29,0/0,94.6,11/28/13,Pit,@ Bal,"L, 22-20",1,11,11,11,0,1
,,12/8/13,Pit,Mia,"L, 34-28",39,23,59,349,8.9,3,0,67,21-Mar,114.2,12/8/13,Pit,Mia,"L, 34-28",1,8,8,8,0,0
,,12/15/13,Pit,Cin,"W, 30-20",25,20,80,191,7.6,1,1,21,7-Jan,95.2,12/15/13,Pit,Cin,"W, 30-20",0,0,0,0,0,0
,,12/22/13,Pit,@ GB,"W, 38-31",28,16,57.1,167,6,2,1,36,5-Jan,83.5,12/22/13,Pit,@ GB,"W, 38-31",1,13,13,13t,1,1
,,12/29/13,Pit,Cle,"W, 20-7",31,19,61.3,179,5.8,1,2,24,7-Jan,61.1,12/29/13,Pit,Cle,"W, 20-7",4,9,2.25,9,0,0
,,9/7/14,Pit,Cle,"W, 30-27",34,23,67.6,365,10.7,1,1,41,14-Mar,100.7,9/7/14,Pit,Cle,"W, 30-27",3,8,2.67,7,0,0
,,9/11/14,Pit,@ Bal,"L, 26-6",37,22,59.5,217,5.9,0,1,27,15-Feb,64.8,9/11/14,Pit,@ Bal,"L, 26-6",0,0,0,0,0,0
,,9/21/14,Pit,@ Car,"W, 37-19",30,22,73.3,196,6.5,2,0,30,6-Jan,112.6,9/21/14,Pit,@ Car,"W, 37-19",1,1,1,1,0,1
,,9/28/14,Pit,TB,"L, 27-24",40,29,72.5,314,7.8,3,0,31,26-May,120.2,9/28/14,Pit,TB,"L, 27-24",2,4,2,2,0,1
,,10/5/14,Pit,@ Jax,"W, 17-9",36,26,72.2,273,7.6,1,0,30,12-Apr,103.1,10/5/14,Pit,@ Jax,"W, 17-9",3,-2,-0.67,0,0,0
,,10/12/14,Pit,@ Cle,"L, 31-10",42,21,50,228,5.4,1,1,26t,7-Feb,64.4,10/12/14,Pit,@ Cle,"L, 31-10",1,7,7,7,0,0
,,10/20/14,Pit,Hou,"W, 30-23",33,23,69.7,265,8,2,0,43,16-Mar,113.8,10/20/14,Pit,Hou,"W, 30-23",4,3,0.75,5,0,0
,,10/26/14,Pit,Ind,"W, 51-34",49,40,81.6,522,10.7,6,0,52,0/0,150.6,10/26/14,Pit,Ind,"W, 51-34",1,-1,-1,-1,0,0
,,11/2/14,Pit,Bal,"W, 43-23",37,25,67.6,340,9.2,6,0,54t,19-Mar,136.3,11/2/14,Pit,Bal,"W, 43-23",2,1,0.5,1,0,1
,,11/9/14,Pit,@ NYJ,"L, 20-13",43,30,69.8,343,8,1,2,80t,17-Feb,81.8,11/9/14,Pit,@ NYJ,"L, 20-13",1,0,0,0,0,0
,,11/17/14,Pit,@ Ten,"W, 27-24",32,21,65.6,207,6.5,1,1,23,27-May,81.1,11/17/14,Pit,@ Ten,"W, 27-24",3,2,0.67,4,0,1
,,11/30/14,Pit,NO,"L, 35-32",58,32,55.2,435,7.5,2,2,48,Jan-00,76.4,11/30/14,Pit,NO,"L, 35-32",1,8,8,8,0,1
,,12/7/14,Pit,@ Cin,"W, 42-21",39,25,64.1,350,9,3,0,94t,0/0,118.5,12/7/14,Pit,@ Cin,"W, 42-21",1,-1,-1,-1,0,0
,,12/14/14,Pit,@ Atl,"W, 27-20",35,27,77.1,360,10.3,0,0,44,7-Jan,109.2,12/14/14,Pit,@ Atl,"W, 27-20",2,-2,-1,-1,0,0
,,12/21/14,Pit,KC,"W, 20-12",25,18,72,220,8.8,1,0,44,6-Jan,112.1,12/21/14,Pit,KC,"W, 20-12",4,-4,-1,-1,0,0
,,12/28/14,Pit,Cin,"W, 27-17",38,24,63.2,317,8.3,2,1,63t,0/0,96.1,12/28/14,Pit,Cin,"W, 27-17",4,3,0.75,4,0,0
,,1/3/15,Pit,Bal,"L, 30-17",45,31,68.9,334,7.4,1,2,44,May-37,79.3,1/3/15,Pit,Bal,"L, 30-17",2,16,8,16,0,1
,,9/10/15,Pit,@ NE,"L, 28-21",38,26,68.4,351,9.2,1,1,43,13-Feb,95.4,1/0/00,Pit,@ NE,"L, 28-21",0,0,0,0,0,0
,,9/20/15,Pit,SF,"W, 43-18",27,21,77.8,369,13.7,3,0,59,0/0,155.8,9/20/15,Pit,SF,"W, 43-18",1,-1,-1,-1,0,0
,,9/27/15,Pit,@ Stl,"W, 12-6",24,20,83.3,192,8,0,1,20,22-Mar,82.6,9/27/15,Pit,@ Stl,"W, 12-6",0,0,0,0,0,0
,,11/1/15,Pit,Cin,"L, 16-10",45,28,62.2,262,5.8,1,3,25,22-Mar,57.8,11/1/15,Pit,Cin,"L, 16-10",0,0,0,0,0,0
,,11/8/15,Pit,Oak,"W, 38-35",44,24,54.5,334,7.6,2,1,59,11-Jan,84.8,11/8/15,Pit,Oak,"W, 38-35",0,0,0,0,0,0
,,11/15/15,Pit,Cle,"W, 30-9",33,22,66.7,379,11.5,3,1,64,3-Jan,123.2,11/15/15,Pit,Cle,"W, 30-9",2,-2,-1,-1,0,0
,,11/29/15,Pit,@ Sea,"L, 39-30",55,36,65.5,456,8.3,1,2,69t,10-Feb,82.1,11/29/15,Pit,@ Sea,"L, 39-30",5,18,3.6,8,0,2
,,12/6/15,Pit,Ind,"W, 45-10",39,24,61.5,364,9.3,4,0,68t,0/0,126.4,12/6/15,Pit,Ind,"W, 45-10",1,13,13,13,0,1
,,12/13/15,Pit,@ Cin,"W, 33-20",39,30,76.9,282,7.2,0,1,31,12-Feb,85.6,12/13/15,Pit,@ Cin,"W, 33-20",1,6,6,6,0,1
,,12/20/15,Pit,Den,"W, 34-27",55,40,72.7,380,6.9,3,2,23t,26-Mar,94.5,12/20/15,Pit,Den,"W, 34-27",3,-3,-1,-1,0,0
,,12/27/15,Pit,@ Bal,"L, 20-17",34,24,70.6,220,6.5,0,2,27,22-Mar,63.4,12/27/15,Pit,@ Bal,"L, 20-17",0,0,0,0,0,0
,,1/3/16,Pit,@ Cle,"W, 28-12",36,24,66.7,349,9.7,3,2,66,0/0,102.7,1/3/16,Pit,@ Cle,"W, 28-12",2,-2,-1,-1,0,0
,,1/9/16,Pit,@ Cin,"W, 18-16",31,18,58.1,229,7.4,1,0,60,27-Mar,92,1/9/16,Pit,@ Cin,"W, 18-16",0,0,0,0,0,0
,,1/17/16,Pit,@ Den,"L, 23-16",37,24,64.9,339,9.2,0,0,58,28-Mar,94.3,1/17/16,Pit,@ Den,"L, 23-16",0,0,0,0,0,0
,,9/12/16,Pit,@ Was,"W, 38-16",37,27,73,300,8.1,3,1,42,10-Jan,112.4,9/12/16,Pit,@ Was,"W, 38-16",1,-2,-2,-2,0,0
,,9/18/16,Pit,Cin,"W, 24-16",37,19,51.4,259,7,3,2,53,9-Jan,78.5,9/18/16,Pit,Cin,"W, 24-16",1,14,14,14,0,1
,,9/25/16,Pit,@ Phi,"L, 34-3",44,24,54.5,257,5.8,0,1,41,Apr-35,62.4,9/25/16,Pit,@ Phi,"L, 34-3",1,7,7,7,0,1
,,10/2/16,Pit,KC,"W, 43-14",27,22,81.5,300,11.1,5,0,47,13-Feb,152.5,10/2/16,Pit,KC,"W, 43-14",1,-1,-1,-1,0,0
,,10/9/16,Pit,NYJ,"W, 31-13",47,34,72.3,380,8.1,4,0,72t,5-Jan,124.4,10/9/16,Pit,NYJ,"W, 31-13",0,0,0,0,0,0
,,10/16/16,Pit,@ Mia,"L, 30-15",34,19,55.9,189,5.6,1,2,23t,20-Feb,57.1,10/16/16,Pit,@ Mia,"L, 30-15",0,0,0,0,0,0
,,11/6/16,Pit,@ Bal,"L, 21-14",45,23,51.1,264,5.9,1,1,30,23-Feb,67.3,11/6/16,Pit,@ Bal,"L, 21-14",3,3,1,4t,1,1
,,11/13/16,Pit,Dal,"L, 35-30",46,37,80.4,408,8.9,3,0,44,8-Jan,125.4,11/13/16,Pit,Dal,"L, 35-30",1,1,1,1,0,0
,,11/20/16,Pit,@ Cle,"W, 24-9",36,23,63.9,167,4.6,0,0,21,0/0,74.7,11/20/16,Pit,@ Cle,"W, 24-9",0,0,0,0,0,0
,,11/24/16,Pit,@ Ind,"W, 28-7",20,14,70,221,11.1,3,0,35,0/0,146,11/24/16,Pit,@ Ind,"W, 28-7",0,0,0,0,0,0
,,12/4/16,Pit,NYG,"W, 24-14",36,24,66.7,289,8,2,1,37,17-Feb,98,12/4/16,Pit,NYG,"W, 24-14",0,0,0,0,0,0
,,12/11/16,Pit,@ Buf,"W, 27-20",31,17,54.8,220,7.1,0,3,40,0/0,37.8,12/11/16,Pit,@ Buf,"W, 27-20",3,-2,-0.67,0,0,0
Billy Volek,QB,12/9/01,Ten,@ Min,"L, 42-24",3,0,0,0,0,0,0,0,0/0,39.6,,,,,,,,,,
,,9/14/03,Ten,@ Ind,"L, 33-7",9,6,66.7,61,6.8,0,1,18,13-Feb,46.3,9/14/03,Ten,@ Ind,"L, 33-7",1,-1,-1,-1,0,0
,,10/12/03,Ten,Hou,"W, 38-17",0,0,0,0,0,0,0,0,0/0,0,10/12/03,Ten,Hou,"W, 38-17",1,-1,-1,-1,0,0
,,10/19/03,Ten,@ Car,"W, 37-17",2,1,50,50,25,1,0,50t,0/0,135.4,10/19/03,Ten,@ Car,"W, 37-17",0,0,0,0,0,0
,,11/9/03,Ten,Mia,"W, 31-7",2,2,100,22,11,0,0,18,0/0,112.5,11/9/03,Ten,Mia,"W, 31-7",2,0,0,1,0,0
,,11/23/03,Ten,@ Atl,"W, 38-31",15,9,60,117,7.8,1,0,25,0/0,106.8,11/23/03,Ten,@ Atl,"W, 38-31",4,2,0.5,5,0,0
,,12/14/03,Ten,Buf,"W, 28-26",41,26,63.4,295,7.2,2,0,37,Apr-32,101.2,12/14/03,Ten,Buf,"W, 28-26",3,4,1.33,4,1,1
,,9/26/04,Ten,Jax,"L, 15-12",1,0,0,0,0,0,0,0,0/0,39.6,9/26/04,Ten,Jax,"L, 15-12",0,0,0,0,0,0
,,10/3/04,Ten,@ SD,"L, 38-17",58,39,67.2,279,4.8,2,0,35,21-Mar,89.7,10/3/04,Ten,@ SD,"L, 38-17",3,17,5.67,12,0,3
,,10/24/04,Ten,@ Min,"L, 20-3",36,17,47.2,190,5.3,0,3,21,10-Feb,28.7,10/24/04,Ten,@ Min,"L, 20-3",0,0,0,0,0,0
,,10/31/04,Ten,Cin,"W, 27-20",32,21,65.6,210,6.6,2,1,37,15-Feb,91.9,10/31/04,Ten,Cin,"W, 27-20",3,4,1.33,5,0,0
,,11/14/04,Ten,Chi,"L, 19-17",44,27,61.4,334,7.6,2,1,47t,16-Mar,90.5,11/14/04,Ten,Chi,"L, 19-17",1,5,5,5,0,0
,,12/5/04,Ten,@ Ind,"L, 51-24",35,21,60,269,7.7,3,2,48t,Jul-44,88.9,12/5/04,Ten,@ Ind,"L, 51-24",1,-1,-1,-1,0,0
,,12/13/04,Ten,KC,"L, 49-38",43,29,67.4,426,9.9,4,0,42t,May-47,130.6,12/13/04,Ten,KC,"L, 49-38",2,24,12,14,0,1
,,12/19/04,Ten,@ Oak,"L, 40-35",60,40,66.7,492,8.2,4,1,32,26-Mar,107.1,12/19/04,Ten,@ Oak,"L, 40-35",1,1,1,1t,1,1
,,12/25/04,Ten,Den,"L, 37-16",20,8,40,111,5.5,0,2,37,May-37,19,12/25/04,Ten,Den,"L, 37-16",0,0,0,0,0,0
,,1/2/05,Ten,Det,"W, 24-19",28,16,57.1,175,6.2,1,0,32t,0/0,87.6,1/2/05,Ten,Det,"W, 24-19",0,0,0,0,0,0
,,9/11/05,Ten,@ Pit,"L, 34-7",1,0,0,0,0,0,1,0,0/0,0,9/11/05,Ten,@ Pit,"L, 34-7",0,0,0,0,0,0
,,10/23/05,Ten,@ Ari,"L, 20-10",32,18,56.2,198,6.2,1,1,38t,11-Mar,72.1,10/23/05,Ten,@ Ari,"L, 20-10",1,3,3,3,0,0
,,12/4/05,Ten,@ Ind,"L, 35-3",6,4,66.7,30,5,0,0,11,10-Feb,78.5,12/4/05,Ten,@ Ind,"L, 35-3",0,0,0,0,0,0
,,12/24/05,Ten,@ Mia,"L, 24-10",24,14,58.3,132,5.5,1,0,55t,24-Apr,87.5,12/24/05,Ten,@ Mia,"L, 24-10",0,0,0,0,0,0
,,1/1/06,Ten,@ Jax,"L, 40-13",25,14,56,114,4.6,2,0,15,0/0,94.4,1/1/06,Ten,@ Jax,"L, 40-13",0,0,0,0,0,0
,,12/31/06,SD,Ari,"W, 27-20",2,1,50,4,2,0,0,4,6-Jan,56.3,2/31/06,SD,Ari,"W, 27-20",3,-3,-1,-1,0,0
,,10/7/07,SD,@ Den,"W, 41-3",0,0,0,0,0,0,0,0,0/0,0,10/7/07,SD,@ Den,"W, 41-3",2,-2,-1,-1,0,0
,,12/9/07,SD,@ Ten,"W, 23-17",2,0,0,0,0,0,1,0,7-Jan,0,12/9/07,SD,@ Ten,"W, 23-17",1,-1,-1,-1,0,0
,,12/16/07,SD,Det,"W, 51-14",1,0,0,0,0,0,0,0,0/0,39.6,12/16/07,SD,Det,"W, 51-14",3,-2,-0.67,0,0,0
,,12/24/07,SD,Den,"W, 23-3",3,1,33.3,1,0.3,0,0,1,Jan-00,42.4,12/24/07,SD,Den,"W, 23-3",4,-2,-0.5,0,0,0
,,12/30/07,SD,@ Oak,"W, 30-17",4,2,50,5,1.2,0,0,4,0/0,56.3,12/30/07,SD,@ Oak,"W, 30-17",1,0,0,0,0,0
,,1/13/08,SD,@ Ind,"W, 28-24",4,3,75,48,12,0,0,27,0/0,114.6,1/13/08,SD,@ Ind,"W, 28-24",3,-1,-0.33,1t,1,1
,,10/25/09,SD,@ KC,"W, 37-7",0,0,0,0,0,0,0,0,0/0,0,10/25/09,SD,@ KC,"W, 37-7",3,-3,-1,-1,0,0
,,11/29/09,SD,KC,"W, 43-14",1,1,100,15,15,0,0,15,0/0,118.8,11/29/09,SD,KC,"W, 43-14",2,-2,-1,-1,0,0
,,12/25/09,SD,@ Ten,"W, 42-17",0,0,0,0,0,0,0,0,0/0,0,12/25/09,SD,@ Ten,"W, 42-17",3,-3,-1,-1,0,0
,,1/3/10,SD,Was,"W, 23-20",30,19,63.3,216,7.2,1,1,50,1-Jan,82.1,1/3/10,SD,Was,"W, 23-20",1,-1,-1,-1,0,0
,,9/19/10,SD,Jax,"W, 38-13",0,0,0,0,0,0,0,0,0/0,0,9/19/10,SD,Jax,"W, 38-13",1,-1,-1,-1,0,0
,,10/3/10,SD,Ari,"W, 41-10",1,1,100,8,8,0,0,8,0/0,100,10/3/10,SD,Ari,"W, 41-10",2,-2,-1,-1,0,0
,,12/16/10,SD,SF,"W, 34-7",0,0,0,0,0,0,0,0,0/0,0,12/16/10,SD,SF,"W, 34-7",3,-2,-0.67,0,0,0
,,12/5/11,SD,@ Jax,"W, 38-14",0,0,0,0,0,0,0,0,0/0,0,12/5/11,SD,@ Jax,"W, 38-14",3,-3,-1,-1,0,0
,,12/11/11,SD,Buf,"W, 37-10",0,0,0,0,0,0,0,0,0/0,0,12/11/11,SD,Buf,"W, 37-10",2,-2,-1,-1,0,0
Blaine Gabbert,,9/18/11,Jax,@ NYJ,"L, 32-3",6,5,83.3,52,8.7,0,0,14,10-Jan,102.8,9/18/11,Jax,@ NYJ,"L, 32-3",1,1,1,1,0,0
,,9/25/11,Jax,@ Car,"L, 16-10",21,12,57.1,139,6.6,1,1,36t,10-Feb,73.3,9/25/11,Jax,@ Car,"L, 16-10",4,2,0.5,2,0,1
,,10/2/11,Jax,NO,"L, 23-10",42,16,38.1,196,4.7,1,1,47,26-Mar,51.3,10/2/11,Jax,NO,"L, 23-10",2,14,7,12,0,1
,,10/9/11,Jax,Cin,"L, 30-20",28,15,53.6,221,7.9,1,0,74t,21-Mar,91.5,10/9/11,Jax,Cin,"L, 30-20",5,11,2.2,6,0,0
,,10/16/11,Jax,@ Pit,"L, 17-13",26,12,46.2,109,4.2,1,0,21,May-33,70.8,10/16/11,Jax,@ Pit,"L, 17-13",3,16,5.33,10,0,1
,,10/24/11,Jax,Bal,"W, 12-7",20,9,45,93,4.7,0,0,24,20-Apr,59,10/24/11,Jax,Bal,"W, 12-7",5,-1,-0.2,2,0,1
,,10/30/11,Jax,@ Hou,"L, 24-14",30,10,33.3,97,3.2,1,2,21,7-Jan,26.7,10/30/11,Jax,@ Hou,"L, 24-14",4,14,3.5,11,0,1
,,11/13/11,Jax,@ Ind,"W, 17-3",21,14,66.7,118,5.6,1,1,19,8-Feb,77.1,11/13/11,Jax,@ Ind,"W, 17-3",6,8,1.33,5,0,1
,,11/20/11,Jax,@ Cle,"L, 14-10",41,22,53.7,210,5.1,0,0,28,15-Jan,68.1,11/20/11,Jax,@ Cle,"L, 14-10",2,10,5,6,0,1
,,11/27/11,Jax,Hou,"L, 20-13",29,13,44.8,136,4.7,0,1,31,Jun-35,44.6,11/27/11,Jax,Hou,"L, 20-13",1,1,1,1,0,0
,,12/5/11,Jax,SD,"L, 38-14",33,19,57.6,195,5.9,2,1,48,18-Feb,82.3,12/5/11,Jax,SD,"L, 38-14",6,19,3.17,5,0,1
,,12/11/11,Jax,TB,"W, 41-14",33,19,57.6,217,6.6,2,2,62,8-Jan,72.4,12/11/11,Jax,TB,"W, 41-14",4,-3,-0.75,0,0,0
,,12/15/11,Jax,@ Atl,"L, 41-14",22,12,54.5,141,6.4,1,1,22,May-50,70.5,12/15/11,Jax,@ Atl,"L, 41-14",1,5,5,5,0,0
,,12/24/11,Jax,@ Ten,"L, 23-17",42,21,50,198,4.7,0,1,22,11-Jan,53.5,12/24/11,Jax,@ Ten,"L, 23-17",1,4,4,4,0,0
,,1/1/12,Jax,Ind,"W, 19-13",19,11,57.9,92,4.8,1,0,23t,21-Mar,88,1/1/12,Jax,Ind,"W, 19-13",3,-3,-1,-1,0,0
,,9/9/12,Jax,@ Min,"L, 26-23",39,23,59,260,6.7,2,0,39t,18-Feb,96.1,9/9/12,Jax,@ Min,"L, 26-23",5,6,1.2,4,0,1
,,9/16/12,Jax,Hou,"L, 27-7",19,7,36.8,53,2.8,1,0,32,24-Mar,62.8,9/16/12,Jax,Hou,"L, 27-7",1,5,5,5,0,0
,,9/23/12,Jax,@ Ind,"W, 22-17",21,10,47.6,155,7.4,1,0,80t,7-Jan,88.4,9/23/12,Jax,@ Ind,"W, 22-17",2,11,5.5,9,0,1
,,9/30/12,Jax,Cin,"L, 27-10",34,23,67.6,186,5.5,1,1,23,Jun-43,78.8,9/30/12,Jax,Cin,"L, 27-10",3,19,6.33,9,0,0
,,10/7/12,Jax,Chi,"L, 41-3",33,17,51.5,142,4.3,0,2,34,13-Mar,37.7,10/7/12,Jax,Chi,"L, 41-3",2,1,0.5,2,0,1
,,10/21/12,Jax,@ Oak,"L, 26-23",12,8,66.7,110,9.2,1,0,42t,0/0,123.6,10/21/12,Jax,@ Oak,"L, 26-23",0,0,0,0,0,0
,,10/28/12,Jax,@ GB,"L, 24-15",49,27,55.1,303,6.2,1,0,36,24-Feb,80.6,10/28/12,Jax,@ GB,"L, 24-15",1,0,0,0,0,0
,,11/4/12,Jax,Det,"L, 31-14",38,27,71.1,220,5.8,2,2,25,5-Jan,81,11/4/12,Jax,Det,"L, 31-14",3,4,1.33,2,0,2
,,11/8/12,Jax,Ind,"L, 27-10",31,18,58.1,209,6.7,0,1,52,24-Mar,65.1,11/8/12,Jax,Ind,"L, 27-10",1,10,10,10,0,1
,,11/18/12,Jax,@ Hou,"L, 43-37",2,2,100,24,12,0,0,15,Jan-00,116.7,11/18/12,Jax,@ Hou,"L, 43-37",0,0,0,0,0,0
,,9/8/13,Jax,KC,"L, 28-2",35,16,45.7,121,3.5,0,2,18,Jun-50,30.8,9/8/13,Jax,KC,"L, 28-2",4,16,4,7,0,0
,,9/29/13,Jax,Ind,"L, 37-3",32,17,53.1,179,5.6,0,3,31,14-Apr,30.6,9/29/13,Jax,Ind,"L, 37-3",2,10,5,5,0,0
,,10/6/13,Jax,@ Stl,"L, 34-20",19,9,47.4,181,9.5,1,2,67t,3-Feb,59.2,10/6/13,Jax,@ Stl,"L, 34-20",3,6,2,4,0,0
,,10/19/14,SF,@ Den,"L, 42-17",7,3,42.9,38,5.4,1,0,20t,0/0,100,10/19/14,SF,@ Den,"L, 42-17",1,5,5,5,0,0
,,11/8/15,SF,Atl,"W, 17-16",25,15,60,185,7.4,2,2,41,0/0,76.2,11/8/15,SF,Atl,"W, 17-16",8,32,4,10,0,2
,,11/22/15,SF,@ Sea,"L, 29-13",34,22,64.7,264,7.8,1,0,36,17-Feb,98.2,11/22/15,SF,@ Sea,"L, 29-13",4,22,5.5,10,0,1
,,11/29/15,SF,Ari,"L, 19-13",36,25,69.4,318,8.8,1,1,48,17-Feb,94.4,11/29/15,SF,Ari,"L, 19-13",1,11,11,11,0,1
,,12/6/15,SF,@ Chi,"W, 26-20",32,18,56.2,196,6.1,1,0,71t,26-Apr,84.9,12/6/15,SF,@ Chi,"W, 26-20",6,75,12.5,44t,1,3
,,12/13/15,SF,@ Cle,"L, 24-10",28,18,64.3,194,6.9,1,0,24,Sep-44,96.4,12/13/15,SF,@ Cle,"L, 24-10",3,19,6.33,11,0,1
,,12/20/15,SF,Cin,"L, 24-14",50,30,60,295,5.9,1,3,29,Apr-32,58.3,12/20/15,SF,Cin,"L, 24-14",2,10,5,6,0,0
,,12/27/15,SF,@ Det,"L, 32-17",33,22,66.7,225,6.8,2,0,38,24-Mar,106.2,12/27/15,SF,@ Det,"L, 32-17",1,9,9,9,0,0
,,1/3/16,SF,Stl,"W, 19-16",44,28,63.6,354,8,1,1,44,4-Jan,86.7,1/3/16,SF,Stl,"W, 19-16",7,7,1,9,0,0
,,9/12/16,SF,LA,"W, 28-0",35,22,62.9,170,4.9,1,0,35,0/0,84.2,9/12/16,SF,LA,"W, 28-0",9,43,4.78,11,0,4
,,9/18/16,SF,@ Car,"L, 46-27",36,17,47.2,243,6.8,2,2,75t,6-Feb,64.9,9/18/16,SF,@ Car,"L, 46-27",3,10,3.33,6,1,1
,,9/25/16,SF,@ Sea,"L, 37-18",25,14,56,119,4.8,0,1,20,0/0,51.9,9/25/16,SF,@ Sea,"L, 37-18",5,22,4.4,10,0,2
,,10/2/16,SF,Dal,"L, 24-17",23,16,69.6,196,8.5,1,1,33t,7-Jan,91.9,10/2/16,SF,Dal,"L, 24-17",12,27,2.25,7,0,3
,,10/6/16,SF,Ari,"L, 33-21",31,18,58.1,162,5.2,1,2,24,27-Jul,56.1,10/6/16,SF,Ari,"L, 33-21",10,70,7,24,1,5
,,12/4/16,SF,@ Chi,"L, 26-6",10,4,40,35,3.5,0,0,18,8-Jan,50,12/4/16,SF,@ Chi,"L, 26-6",1,1,1,1,0,0
Brian Hoyer,QB,10/18/09,NE,Ten,"W, 59-0",11,9,81.8,52,4.7,0,0,16,0/0,86.4,10/18/09,NE,Ten,"W, 59-0",6,-2,-0.33,4,1,1
,,10/25/09,NE,@ TB,"W, 35-7",0,0,0,0,0,0,0,0,0/0,0,10/25/09,NE,@ TB,"W, 35-7",3,17,5.67,20,0,1
,,11/30/09,NE,@ NO,"L, 38-17",4,2,50,19,4.8,0,0,14,8-Jan,63.5,11/30/09,NE,@ NO,"L, 38-17",0,0,0,0,0,0
,,1/3/10,NE,@ Hou,"L, 34-27",12,8,66.7,71,5.9,0,0,17,10-Jan,82.3,1/3/10,NE,@ Hou,"L, 34-27",1,10,10,10,0,1
,,10/4/10,NE,@ Mia,"W, 41-14",0,0,0,0,0,0,0,0,0/0,0,10/4/10,NE,@ Mia,"W, 41-14",1,-2,-2,-2,0,0
,,11/7/10,NE,@ Cle,"L, 34-14",2,0,0,0,0,0,1,0,0/0,0,11/7/10,NE,@ Cle,"L, 34-14",1,-1,-1,-1,0,0
,,12/12/10,NE,@ Chi,"W, 36-7",0,0,0,0,0,0,0,0,0/0,0,12/12/10,NE,@ Chi,"W, 36-7",3,-2,-0.67,0,0,0
,,12/26/10,NE,@ Buf,"W, 34-3",0,0,0,0,0,0,0,0,0/0,0,12/26/10,NE,@ Buf,"W, 34-3",4,-2,-0.5,1,0,0
,,1/2/11,NE,Mia,"W, 38-7",13,7,53.8,122,9.4,1,0,42t,0/0,111.7,1/2/11,NE,Mia,"W, 38-7",1,-1,-1,-1,0,0
,,11/27/11,NE,@ Phi,"W, 38-20",0,0,0,0,0,0,0,0,0/0,0,11/27/11,NE,@ Phi,"W, 38-20",1,-1,-1,-1,0,0
,,1/1/12,NE,Buf,"W, 49-21",1,1,100,22,22,0,0,22,0/0,118.8,1/1/12,NE,Buf,"W, 49-21",3,-2,-0.67,0,0,0
,,12/23/12,Ari,Chi,"L, 28-13",19,11,57.9,105,5.5,0,1,24,12-Feb,51.4,12/23/12,Ari,Chi,"L, 28-13",0,0,0,0,0,0
,,12/30/12,Ari,@ SF,"L, 27-13",34,19,55.9,225,6.6,1,1,53,18-Feb,73.8,12/30/12,Ari,@ SF,"L, 27-13",1,6,6,6,0,1
,,9/22/13,Cle,@ Min,"W, 31-27",54,30,55.6,321,5.9,3,3,47t,26-Mar,68.5,9/22/13,Cle,@ Min,"W, 31-27",1,-2,-2,-2,0,0
,,9/29/13,Cle,Cin,"W, 17-6",38,25,65.8,269,7.1,2,0,39,22-Mar,103.9,9/29/13,Cle,Cin,"W, 17-6",4,7,1.75,8,0,0
,,10/3/13,Cle,Buf,"W, 37-24",4,2,50,25,6.2,0,0,13,0/0,69.8,10/3/13,Cle,Buf,"W, 37-24",1,11,11,11,0,1
,,9/7/14,Cle,@ Pit,"L, 30-27",30,18,60,222,7.4,1,0,47,24-Mar,94,9/7/14,Cle,@ Pit,"L, 30-27",1,-2,-2,-2,0,0
,,9/14/14,Cle,NO,"W, 26-24",40,24,60,204,5.1,1,0,28,2-Jan,81.7,9/14/14,Cle,NO,"W, 26-24",0,0,0,0,0,0
,,9/21/14,Cle,Bal,"L, 23-21",25,19,76,290,11.6,1,0,70,0/0,127.1,9/21/14,Cle,Bal,"L, 23-21",3,-2,-0.67,3,0,0
,,10/5/14,Cle,@ Ten,"W, 29-28",37,21,56.8,291,7.9,3,1,49,7-Jan,97.9,10/5/14,Cle,@ Ten,"W, 29-28",1,2,2,2,0,1
,,10/12/14,Cle,Pit,"W, 31-10",17,8,47.1,217,12.8,1,0,51t,7-Jan,113,10/12/14,Cle,Pit,"W, 31-10",1,0,0,0,0,0
,,10/19/14,Cle,@ Jax,"L, 24-6",41,16,39,215,5.2,0,1,65,18-Mar,46.3,10/19/14,Cle,@ Jax,"L, 24-6",1,-1,-1,-1,0,0
,,10/26/14,Cle,Oak,"W, 23-13",28,19,67.9,275,9.8,1,0,48,8-Jan,111.5,10/26/14,Cle,Oak,"W, 23-13",2,1,0.5,2,0,0
,,11/2/14,Cle,TB,"W, 22-17",34,21,61.8,300,8.8,2,2,34t,26-Apr,85.4,11/2/14,Cle,TB,"W, 22-17",2,5,2.5,3,0,1
,,11/6/14,Cle,@ Cin,"W, 24-3",23,15,65.2,198,8.6,0,0,28,0/0,92.3,11/6/14,Cle,@ Cin,"W, 24-3",4,1,0.25,3,0,1
,,11/16/14,Cle,Hou,"L, 23-7",50,20,40,330,6.6,1,1,35,20-Mar,61.2,11/16/14,Cle,Hou,"L, 23-7",2,1,0.5,2,0,1
,,11/23/14,Cle,@ Atl,"W, 26-24",40,23,57.5,322,8.1,0,3,40,9-Jan,52.3,11/23/14,Cle,@ Atl,"W, 26-24",3,12,4,9,0,0
,,11/30/14,Cle,@ Buf,"L, 26-10",30,18,60,192,6.4,0,2,30,14-Feb,51,11/30/14,Cle,@ Buf,"L, 26-10",0,0,0,0,0,0
,,12/7/14,Cle,Ind,"L, 25-24",30,13,43.3,136,4.5,0,2,27,3-Jan,29.3,12/7/14,Cle,Ind,"L, 25-24",2,3,1.5,4,0,0
,,12/21/14,Cle,@ Car,"L, 17-13",13,7,53.8,134,10.3,1,1,81t,22-Mar,83.5,12/21/14,Cle,@ Car,"L, 17-13",2,19,9.5,11,0,1
,,9/13/15,Hou,KC,"L, 27-20",34,18,52.9,236,6.9,1,1,32,29-Apr,72.7,9/13/15,Hou,KC,"L, 27-20",0,0,0,0,0,0
,,10/4/15,Hou,@ Atl,"L, 48-21",30,17,56.7,232,7.7,2,0,42,8-Jan,103.7,10/4/15,Hou,@ Atl,"L, 48-21",0,0,0,0,0,0
,,10/8/15,Hou,Ind,"L, 27-20",31,24,77.4,312,10.1,2,1,42t,0/0,116.6,10/8/15,Hou,Ind,"L, 27-20",1,14,14,14,0,1
,,10/18/15,Hou,@ Jax,"W, 31-20",36,24,66.7,293,8.1,3,0,31,6-Jan,119.3,10/18/15,Hou,@ Jax,"W, 31-20",5,5,1,6,0,2
,,10/25/15,Hou,@ Mia,"L, 44-26",49,23,46.9,273,5.6,3,1,27t,22-Apr,76.3,10/25/15,Hou,@ Mia,"L, 44-26",0,0,0,0,0,0
,,11/1/15,Hou,Ten,"W, 20-6",35,23,65.7,235,6.7,2,0,42t,21-Mar,103.9,11/1/15,Hou,Ten,"W, 20-6",1,-1,-1,-1,0,0
,,11/16/15,Hou,@ Cin,"W, 10-6",22,12,54.5,123,5.6,0,1,25,10-Feb,51.9,11/16/15,Hou,@ Cin,"W, 10-6",1,15,15,15,0,1
,,11/29/15,Hou,NO,"W, 24-6",27,21,77.8,205,7.6,2,1,37,10-Jan,107.6,11/29/15,Hou,NO,"W, 24-6",3,-3,-1,-1,0,0
,,12/6/15,Hou,@ Buf,"L, 30-21",43,26,60.5,293,6.8,3,1,29,18-Feb,94.4,12/6/15,Hou,@ Buf,"L, 30-21",3,15,5,14,0,2
,,12/13/15,Hou,NE,"L, 27-6",22,11,50,155,7,0,0,49,May-54,73.1,12/13/15,Hou,NE,"L, 27-6",1,-1,-1,-1,0,0
,,1/3/16,Hou,Jax,"W, 30-6",40,25,62.5,249,6.2,1,1,27,7-Feb,78,1/3/16,Hou,Jax,"W, 30-6",0,0,0,0,0,0
,,1/9/16,Hou,KC,"L, 30-0",34,15,44.1,136,4,0,4,17,24-Mar,15.9,1/9/16,Hou,KC,"L, 30-0",1,-1,-1,-1,0,0
,,9/19/16,Chi,Phi,"L, 29-14",12,9,75,78,6.5,0,0,19,0/0,91.7,9/19/16,Chi,Phi,"L, 29-14",0,0,0,0,0,0
,,9/25/16,Chi,@ Dal,"L, 31-17",49,30,61.2,317,6.5,2,0,32,5-Jan,93.7,9/25/16,Chi,@ Dal,"L, 31-17",2,2,1,3,0,0
,,10/2/16,Chi,Det,"W, 17-14",36,28,77.8,302,8.4,2,0,64,8-Feb,120.1,10/2/16,Chi,Det,"W, 17-14",3,-3,-1,-1,0,0
,,10/9/16,Chi,@ Ind,"L, 29-23",43,33,76.7,397,9.2,2,0,38,0/0,120,10/9/16,Chi,@ Ind,"L, 29-23",1,-1,-1,-1,0,0
,,10/16/16,Chi,Jax,"L, 17-16",49,30,61.2,302,6.2,0,0,36,5-Jan,78.8,10/16/16,Chi,Jax,"L, 17-16",1,0,0,0,0,0
,,10/20/16,Chi,@ GB,"L, 26-10",11,4,36.4,49,4.5,0,0,25,0/0,50.9,10/20/16,Chi,@ GB,"L, 26-10",0,0,0,0,0,0
Bruce Gradkowski,QB,9/10/06,TB,Bal,"L, 27-0",5,1,20,4,0.8,0,0,4,1-Jan,39.6,9/10/06,TB,Bal,"L, 27-0",0,0,0,0,0,0
,,9/24/06,TB,Car,"L, 26-24",1,1,100,16,16,0,0,16,0/0,118.8,9/24/06,TB,Car,"L, 26-24",0,0,0,0,0,0
,,10/8/06,TB,@ NO,"L, 24-21",31,20,64.5,225,7.3,2,0,52,6-Feb,107.6,10/8/06,TB,@ NO,"L, 24-21",6,19,3.17,6,0,1
,,10/15/06,TB,Cin,"W, 14-13",44,25,56.8,184,4.2,2,1,18,10-Feb,72.5,10/15/06,TB,Cin,"W, 14-13",4,19,4.75,7,0,2
,,10/22/06,TB,Phi,"W, 23-21",26,13,50,104,4,0,0,26,19-Feb,60.4,10/22/06,TB,Phi,"W, 23-21",3,11,3.67,9,0,1
,,10/29/06,TB,@ NYG,"L, 17-3",48,20,41.7,139,2.9,0,0,14,5-Feb,49.3,10/29/06,TB,@ NYG,"L, 17-3",3,18,6,14,0,1
,,11/5/06,TB,NO,"L, 31-14",31,18,58.1,185,6,2,0,44t,27-Apr,96.8,11/5/06,TB,NO,"L, 31-14",2,12,6,8,0,1
,,11/13/06,TB,@ Car,"L, 24-10",32,17,53.1,173,5.4,1,2,27,20-Mar,53.3,11/13/06,TB,@ Car,"L, 24-10",5,22,4.4,6,0,0
,,11/19/06,TB,Was,"W, 20-17",21,14,66.7,178,8.5,2,1,34t,0/0,104.9,11/19/06,TB,Was,"W, 20-17",6,9,1.5,6,0,1
,,11/23/06,TB,@ Dal,"L, 38-10",20,10,50,120,6,0,2,53,10-Jan,29.2,11/23/06,TB,@ Dal,"L, 38-10",4,17,4.25,8,0,2
,,12/3/06,TB,@ Pit,"L, 20-3",34,20,58.8,175,5.1,0,3,24,31-May,35.8,12/3/06,TB,@ Pit,"L, 20-3",6,26,4.33,7,0,3
,,12/10/06,TB,Atl,"L, 17-6",24,13,54.2,121,5,0,0,25,12-Jan,68.2,12/10/06,TB,Atl,"L, 17-6",2,8,4,6,0,0
,,12/17/06,TB,@ Chi,"L, 34-31",11,5,45.5,37,3.4,0,0,17,5-Feb,54,12/17/06,TB,@ Chi,"L, 34-31",0,0,0,0,0,0
,,10/7/07,TB,@ Ind,"L, 33-14",4,3,75,22,5.5,0,1,11,0/0,47.9,10/7/07,TB,@ Ind,"L, 33-14",0,0,0,0,0,0
,,11/18/07,TB,@ Atl,"W, 31-7",1,1,100,2,2,0,0,2,0/0,79.2,11/18/07,TB,@ Atl,"W, 31-7",2,-2,-1,-1,0,0
,,11/25/07,TB,Was,"W, 19-13",19,9,47.4,106,5.6,0,0,20,14-Feb,64.8,11/25/07,TB,Was,"W, 19-13",2,24,12,13,0,1
,,12/16/07,TB,Atl,"W, 37-3",0,0,0,0,0,0,0,0,0/0,0,12/16/07,TB,Atl,"W, 37-3",3,-2,-0.67,0,0,0
,,12/21/08,Cle,Cin,"L, 14-0",5,2,40,8,1.6,0,1,4,12-Jan,8.3,12/21/08,Cle,Cin,"L, 14-0",0,0,0,0,0,0
,,12/28/08,Cle,@ Pit,"L, 31-0",16,5,31.2,18,1.1,0,2,12,6-Mar,1,12/28/08,Cle,@ Pit,"L, 31-0",1,2,2,2,0,0
,,9/14/09,Oak,SD,"L, 24-20",2,2,100,17,8.5,0,0,12,0/0,102.1,9/14/09,Oak,SD,"L, 24-20",0,0,0,0,0,0
,,10/25/09,Oak,NYJ,"L, 38-0",19,10,52.6,97,5.1,0,0,28,8-Feb,67.2,10/25/09,Oak,NYJ,"L, 38-0",2,25,12.5,20,0,1
,,11/15/09,Oak,KC,"L, 16-10",9,5,55.6,49,5.4,0,2,22,10-Jan,31.5,11/15/09,Oak,KC,"L, 16-10",1,9,9,9,0,0
,,11/22/09,Oak,Cin,"W, 20-17",34,17,50,183,5.4,2,1,29t,0/0,73.5,11/22/09,Oak,Cin,"W, 20-17",6,8,1.33,4,0,1
,,11/26/09,Oak,@ Dal,"L, 24-7",35,18,51.4,200,5.7,1,0,28,19-Mar,78.3,11/26/09,Oak,@ Dal,"L, 24-7",3,30,10,21,0,2
,,12/6/09,Oak,@ Pit,"W, 27-24",33,20,60.6,308,9.3,3,0,75t,21-Mar,121.8,12/6/09,Oak,@ Pit,"W, 27-24",3,20,6.67,10,0,2
,,12/13/09,Oak,Was,"L, 34-13",18,10,55.6,153,8.5,0,0,48,13-Feb,83.8,12/13/09,Oak,Was,"L, 34-13",3,16,5.33,10,0,1
,,9/19/10,Oak,Stl,"W, 16-14",21,11,52.4,162,7.7,1,1,33,0/0,73.9,9/19/10,Oak,Stl,"W, 16-14",4,0,0,5,0,0
,,9/26/10,Oak,@ Ari,"L, 24-23",34,17,50,255,7.5,1,1,70,24-Mar,72.5,9/26/10,Oak,@ Ari,"L, 24-23",4,13,3.25,8,0,0
,,10/3/10,Oak,Hou,"L, 31-24",39,24,61.5,278,7.1,2,2,43,Apr-33,78.8,10/3/10,Oak,Hou,"L, 31-24",3,16,5.33,8,0,1
,,10/10/10,Oak,SD,"W, 35-27",7,1,14.3,14,2,0,0,14,0/0,39.6,10/10/10,Oak,SD,"W, 35-27",0,0,0,0,0,0
,,11/21/10,Oak,@ Pit,"L, 35-3",24,13,54.2,98,4.1,0,1,16,15-Feb,46.9,11/21/10,Oak,@ Pit,"L, 35-3",1,12,12,12,0,1
,,11/28/10,Oak,Mia,"L, 33-17",32,17,53.1,252,7.9,1,2,52,5-Jan,63.5,11/28/10,Oak,Mia,"L, 33-17",0,0,0,0,0,0
,,9/11/11,Cin,@ Cle,"W, 27-17",12,5,41.7,92,7.7,1,0,41t,7-Jan,96.5,9/11/11,Cin,@ Cle,"W, 27-17",2,0,0,0,0,0
,,12/4/11,Cin,@ Pit,"L, 35-7",6,3,50,17,2.8,0,1,8,0/0,16.7,12/4/11,Cin,@ Pit,"L, 35-7",1,1,1,1,0,1
,,9/10/12,Cin,@ Bal,"L, 44-13",0,0,0,0,0,0,0,0,0/0,0,9/10/12,Cin,@ Bal,"L, 44-13",1,0,0,0,0,0
,,12/30/12,Cin,Bal,"W, 23-17",11,5,45.5,65,5.9,0,0,44,0/0,64.6,12/30/12,Cin,Bal,"W, 23-17",3,-2,-0.67,0,0,0
,,9/21/14,Pit,@ Car,"W, 37-19",0,0,0,0,0,0,0,0,0/0,0,9/21/14,Pit,@ Car,"W, 37-19",2,-2,-1,-1,0,0
,,1/3/15,Pit,Bal,"L, 30-17",3,2,66.7,22,7.3,0,0,18,0/0,88.2,1/3/15,Pit,Bal,"L, 30-17",0,0,0,0,0,0
Caleb Hanie,QB,10/25/09,Chi,@ Cin,"L, 45-10",2,1,50,3,1.5,0,0,3,0/0,56.3,,,,,,,,,,
,,12/20/09,Chi,@ Bal,"L, 31-7",5,2,40,8,1.6,0,1,5,0/0,8.3,,,,,,,,,,
,,10/3/10,Chi,@ NYG,"L, 17-3",4,3,75,36,9,0,0,26,8-Jan,102.1,10/3/10,Chi,@ NYG,"L, 17-3",0,0,0,0,0,0
,,10/10/10,Chi,@ Car,"W, 23-6",3,2,66.7,19,6.3,0,0,14,7-Jan,84,10/10/10,Chi,@ Car,"W, 23-6",1,-1,-1,-1,0,0
,,1/23/11,Chi,GB,"L, 21-14",20,13,65,153,7.7,1,2,35t,0/0,65.2,1/23/11,Chi,GB,"L, 21-14",1,3,3,3,0,0
,,11/27/11,Chi,@ Oak,"L, 25-20",36,18,50,254,7.1,2,3,81,25-Apr,56.9,11/27/11,Chi,@ Oak,"L, 25-20",5,50,10,24,0,3
,,12/4/11,Chi,KC,"L, 10-3",24,11,45.8,133,5.5,0,3,28,Jul-45,23.8,12/4/11,Chi,KC,"L, 10-3",1,3,3,3,0,0
,,12/11/11,Chi,@ Den,"L, 13-10",19,12,63.2,115,6.1,0,0,19,29-Apr,79.9,12/11/11,Chi,@ Den,"L, 13-10",2,11,5.5,9,0,0
,,12/18/11,Chi,Sea,"L, 38-14",23,10,43.5,111,4.8,1,3,25t,Apr-34,33.3,12/18/11,Chi,Sea,"L, 38-14",5,34,6.8,12,0,2
Curtis Painter,QB,12/27/09,Ind,NYJ,"L, 29-15",11,4,36.4,44,4,0,1,22,14-Feb,11.2,12/27/09,Ind,NYJ,"L, 29-15",1,3,3,3,0,0
,,1/3/10,Ind,@ Buf,"L, 30-7",17,4,23.5,39,2.3,0,1,21,2-Jan,15.1,1/3/10,Ind,@ Buf,"L, 30-7",2,1,0.5,10,0,0
,,9/25/11,Ind,Pit,"L, 23-20",11,5,45.5,60,5.5,0,0,27,9-Jan,62.7,9/25/11,Ind,Pit,"L, 23-20",0,0,0,0,0,0
,,10/3/11,Ind,@ TB,"L, 24-17",30,13,43.3,281,9.4,2,0,87t,25-Apr,99.4,10/3/11,Ind,@ TB,"L, 24-17",0,0,0,0,0,0
,,10/9/11,Ind,KC,"L, 28-24",27,15,55.6,277,10.3,2,0,67t,0/0,115.8,10/9/11,Ind,KC,"L, 28-24",1,-1,-1,-1,0,0
,,10/16/11,Ind,@ Cin,"L, 27-17",34,23,67.6,188,5.5,1,1,22,9-Jan,79,10/16/11,Ind,@ Cin,"L, 27-17",4,14,3.5,12,0,2
,,10/23/11,Ind,@ NO,"L, 62-7",17,9,52.9,67,3.9,0,1,15,5-Jan,38.1,10/23/11,Ind,@ NO,"L, 62-7",2,11,5.5,11,0,0
,,10/30/11,Ind,@ Ten,"L, 27-10",49,26,53.1,250,5.1,0,2,23,9-Feb,50.6,10/30/11,Ind,@ Ten,"L, 27-10",7,79,11.29,24,0,5
,,11/6/11,Ind,Atl,"L, 31-7",27,13,48.1,98,3.6,0,1,16,15-Feb,41.9,11/6/11,Ind,Atl,"L, 31-7",1,5,5,5,0,0
,,11/13/11,Ind,Jax,"L, 17-3",19,13,68.4,94,4.9,0,2,29,24-Mar,40.1,11/13/11,Ind,Jax,"L, 17-3",2,-1,-0.5,0,0,0
,,11/27/11,Ind,Car,"L, 27-19",29,15,51.7,226,7.8,1,2,56t,8-Feb,60.4,11/27/11,Ind,Car,"L, 27-19",0,0,0,0,0,0
,,9/22/13,NYG,@ Car,"L, 38-0",4,2,50,16,4,0,1,9,0/0,20.8,9/22/13,NYG,@ Car,"L, 38-0",0,0,0,0,0,0
,,12/15/13,NYG,Sea,"L, 23-0",4,4,100,30,7.5,0,0,9,6-Jan,97.9,12/15/13,NYG,Sea,"L, 23-0",0,0,0,0,0,0
,,12/29/13,NYG,Was,"W, 20-6",8,2,25,11,1.4,0,1,8,0/0,0,12/29/13,NYG,Was,"W, 20-6",3,-2,-0.67,0,0,0
Cam Newton,QB,,,,,,,,,,,,,,,,,,,,,,,,